,index,mms_addr,monitor_da,control_da,data_source,fieldbus_conn_config,fieldbus_conn_obj,guid,is_monitor,is_control,limits,rated_value,unit_factor,scale_factor,unit
0,0,virtualCLSmini_PV1/LLN0.NamPlt,,,disabled,,,711cc7cd-753a-4412-bc49-07f5a6b55495,False,False,"{'lower': -999999999, 'upper': 999999999}",,1,1,
1,1,virtualCLSmini_PV1/LLN0.Beh,virtualCLSmini_PV1/LLN0.Beh.stVal,,disabled,,,2b3dc73e-71c4-4311-8246-8a4ad2a87001,False,False,"{'lower': -999999999, 'upper': 999999999}",,1,1,
2,2,virtualCLSmini_PV1/LLN0.Health,virtualCLSmini_PV1/LLN0.Health.stVal,,disabled,,,204a4a11-d66d-4e6c-b85f-1f0b39df2b6c,False,False,"{'lower': -999999999, 'upper': 999999999}",,1,1,
3,3,virtualCLSmini_PV1/LLN0.LocKey,virtualCLSmini_PV1/LLN0.LocKey.stVal,,disabled,,,44742e0e-97d0-4361-8d69-99f180a4ffe9,False,False,"{'lower': -999999999, 'upper': 999999999}",,1,1,
4,4,virtualCLSmini_PV1/LLN0.Loc,virtualCLSmini_PV1/LLN0.Loc.stVal,,disabled,,,3ed7830f-1e22-4d2e-8a92-4bfe2baaf797,False,False,"{'lower': -999999999, 'upper': 999999999}",,1,1,
5,5,virtualCLSmini_PV1/LLN0.Mod,virtualCLSmini_PV1/LLN0.Mod.stVal,virtualCLSmini_PV1/LLN0.Mod.ctlVal,disabled,,,03ebfc42-ede3-40bd-912a-d1d8becccb27,False,False,"{'lower': -999999999, 'upper': 999999999}",,1,1,
6,6,virtualCLSmini_PV1/LLN0.LocSta,virtualCLSmini_PV1/LLN0.LocSta.stVal,virtualCLSmini_PV1/LLN0.LocSta.ctlVal,disabled,,,f65e995a-c73f-4fd2-b186-014c9ffebf7f,False,False,"{'lower': -999999999, 'upper': 999999999}",,1,1,
7,7,virtualCLSmini_PV1/LLN0.MltLev,virtualCLSmini_PV1/LLN0.MltLev.setVal,virtualCLSmini_PV1/LLN0.MltLev.setVal,disabled,,,9dd2b89b-3d90-42c7-a1f0-89096f998e1e,False,False,"{'lower': -999999999, 'upper': 999999999}",,1,1,
8,8,virtualCLSmini_PV1/MMTR1.NamPlt,,,disabled,,,ef6cfb8c-b169-48e1-a555-5251a52519ad,False,False,"{'lower': -999999999, 'upper': 999999999}",,1,1,
9,9,virtualCLSmini_PV1/MMTR1.Beh,virtualCLSmini_PV1/MMTR1.Beh.stVal,,disabled,,,7a102747-2987-4829-a46c-e98900427cfb,False,False,"{'lower': -999999999, 'upper': 999999999}",,1,1,
10,10,virtualCLSmini_PV1/MMTR1.Health,virtualCLSmini_PV1/MMTR1.Health.stVal,,disabled,,,0a3d61f0-23d0-4e66-a72b-b1080998d656,False,False,"{'lower': -999999999, 'upper': 999999999}",,1,1,
11,11,virtualCLSmini_PV1/MMTR1.TotVAh,virtualCLSmini_PV1/MMTR1.TotVAh.actVal,,disabled,,,e6539acb-5632-4a85-bad1-0dc376121dc5,False,False,"{'lower': -999999999, 'upper': 999999999}",,1,1,
12,12,virtualCLSmini_PV1/MMTR1.TotWh,virtualCLSmini_PV1/MMTR1.TotWh.actVal,,disabled,,,1b8aa545-32af-4fc6-a8a9-1fdebbf12918,False,False,"{'lower': -999999999, 'upper': 999999999}",,1,1,
13,13,virtualCLSmini_PV1/MMTR1.TotVArh,virtualCLSmini_PV1/MMTR1.TotVArh.actVal,,disabled,,,67243819-69e5-465a-b7d7-167e761d58d8,False,False,"{'lower': -999999999, 'upper': 999999999}",,1,1,
14,14,virtualCLSmini_PV1/MMTR1.SupWh,virtualCLSmini_PV1/MMTR1.SupWh.actVal,,disabled,,,21dcc04d-ad91-417c-a19f-1655fb6bbce2,False,False,"{'lower': -999999999, 'upper': 999999999}",,1,1,
15,15,virtualCLSmini_PV1/MMTR1.SupVArh,virtualCLSmini_PV1/MMTR1.SupVArh.actVal,,disabled,,,3d883d49-745e-44e7-8d39-dcca20d86671,False,False,"{'lower': -999999999, 'upper': 999999999}",,1,1,
16,16,virtualCLSmini_PV1/MMTR1.DmdWh,virtualCLSmini_PV1/MMTR1.DmdWh.actVal,,disabled,,,16d45ed7-8c5e-4ec3-a0ad-85ace5f918e9,False,False,"{'lower': -999999999, 'upper': 999999999}",,1,1,
17,17,virtualCLSmini_PV1/MMTR1.DmdVArh,virtualCLSmini_PV1/MMTR1.DmdVArh.actVal,,disabled,,,3634a366-0870-48d8-b130-284dee0df26e,False,False,"{'lower': -999999999, 'upper': 999999999}",,1,1,
18,18,virtualCLSmini_PV1/MMTR1.Mod,virtualCLSmini_PV1/MMTR1.Mod.stVal,virtualCLSmini_PV1/MMTR1.Mod.ctlVal,disabled,,,5f5a3bac-4b9f-40df-bddd-aefa5ebb504c,False,False,"{'lower': -999999999, 'upper': 999999999}",,1,1,
19,19,virtualCLSmini_PV1/DSCT1.NamPlt,,,disabled,,,fd1c2d8b-1e0c-4536-8e09-ed31edaa65bf,False,False,"{'lower': -999999999, 'upper': 999999999}",,1,1,
20,20,virtualCLSmini_PV1/DSCT1.Beh,virtualCLSmini_PV1/DSCT1.Beh.stVal,,disabled,,,7292bbde-8d4f-426a-90f5-49b66894c11e,False,False,"{'lower': -999999999, 'upper': 999999999}",,1,1,
21,21,virtualCLSmini_PV1/DSCT1.Health,virtualCLSmini_PV1/DSCT1.Health.stVal,,disabled,,,4339cce6-9305-43ff-bbeb-089d209c1670,False,False,"{'lower': -999999999, 'upper': 999999999}",,1,1,
22,22,virtualCLSmini_PV1/DSCT1.StrCost,virtualCLSmini_PV1/DSCT1.StrCost.setMag.f,virtualCLSmini_PV1/DSCT1.StrCost.setMag.f,disabled,,,b497153d-b823-48a5-907d-2df65c2784ba,False,False,"{'lower': -999999999, 'upper': 999999999}",,1,1,
23,23,virtualCLSmini_PV1/DSCT1.StopCost,virtualCLSmini_PV1/DSCT1.StopCost.setMag.f,virtualCLSmini_PV1/DSCT1.StopCost.setMag.f,disabled,,,96c6a428-ff39-41c1-a2f5-5b04cbf246ae,False,False,"{'lower': -999999999, 'upper': 999999999}",,1,1,
24,24,virtualCLSmini_PV1/DSCT1.RampCost,virtualCLSmini_PV1/DSCT1.RampCost.setMag.f,virtualCLSmini_PV1/DSCT1.RampCost.setMag.f,disabled,,,fb9df7cc-0185-47d7-8a2a-f6c8083ea008,False,False,"{'lower': -999999999, 'upper': 999999999}",,1,1,
25,25,virtualCLSmini_PV1/DSCT1.Mod,virtualCLSmini_PV1/DSCT1.Mod.stVal,virtualCLSmini_PV1/DSCT1.Mod.ctlVal,disabled,,,b63220c9-8b28-4861-8e9d-d70669080d14,False,False,"{'lower': -999999999, 'upper': 999999999}",,1,1,
26,26,virtualCLSmini_PV1/DINV1.EEName,,,disabled,,,a8b805a9-abc8-442c-9a35-95b7282465a0,False,False,"{'lower': -999999999, 'upper': 999999999}",,1,1,
27,27,virtualCLSmini_PV1/DINV1.NamPlt,,,disabled,,,a2f7043b-db87-4d17-a0f4-06f0922258a8,False,False,"{'lower': -999999999, 'upper': 999999999}",,1,1,
28,28,virtualCLSmini_PV1/DINV1.Beh,virtualCLSmini_PV1/DINV1.Beh.stVal,,disabled,,,daa6e422-c3f1-4f39-9a66-f25df1fa6ab1,False,False,"{'lower': -999999999, 'upper': 999999999}",,1,1,
29,29,virtualCLSmini_PV1/DINV1.Health,virtualCLSmini_PV1/DINV1.Health.stVal,,disabled,,,d73edd3a-b11a-416f-8e56-513f882da96c,False,False,"{'lower': -999999999, 'upper': 999999999}",,1,1,
30,30,virtualCLSmini_PV1/DINV1.LocKey,virtualCLSmini_PV1/DINV1.LocKey.stVal,,disabled,,,668f3a66-48b7-4636-8454-6987b4be6ca4,False,False,"{'lower': -999999999, 'upper': 999999999}",,1,1,
31,31,virtualCLSmini_PV1/DINV1.Loc,virtualCLSmini_PV1/DINV1.Loc.stVal,,disabled,,,241333a3-029d-4ef8-bfb6-446b258494c3,False,False,"{'lower': -999999999, 'upper': 999999999}",,1,1,
32,32,virtualCLSmini_PV1/DINV1.InvACLosAlm,virtualCLSmini_PV1/DINV1.InvACLosAlm.stVal,,disabled,,,32c84810-d399-4355-aee2-ce0ba7fb0e5c,False,False,"{'lower': -999999999, 'upper': 999999999}",,1,1,
33,33,virtualCLSmini_PV1/DINV1.InvDCLosAlm,virtualCLSmini_PV1/DINV1.InvDCLosAlm.stVal,,disabled,,,d9913c70-62dc-4a9c-a66e-2bf6a2c3285c,False,False,"{'lower': -999999999, 'upper': 999999999}",,1,1,
34,34,virtualCLSmini_PV1/DINV1.InvGriLosAl,virtualCLSmini_PV1/DINV1.InvGriLosAl.stVal,,disabled,,,9f877e6d-7fb6-4610-a036-73059fb8b097,False,False,"{'lower': -999999999, 'upper': 999999999}",,1,1,
35,35,virtualCLSmini_PV1/DINV1.EEHealth,virtualCLSmini_PV1/DINV1.EEHealth.stVal,,disabled,,,9870ed2d-8e64-421d-8cc1-f19a9d254378,False,False,"{'lower': -999999999, 'upper': 999999999}",,1,1,
36,36,virtualCLSmini_PV1/DINV1.OpTmh,virtualCLSmini_PV1/DINV1.OpTmh.stVal,,disabled,,,13bbae7c-49ac-4904-8d12-2691d60f1b5a,False,False,"{'lower': -999999999, 'upper': 999999999}",,1,1,
37,37,virtualCLSmini_PV1/DINV1.WSpt,virtualCLSmini_PV1/DINV1.WSpt.mxVal.f,virtualCLSmini_PV1/DINV1.WSpt.ctlVal.f,disabled,,,2f25ad05-553a-4d77-9ca0-ea714f1240d0,False,False,"{'lower': -999999999, 'upper': 999999999}",,1,1,
38,38,virtualCLSmini_PV1/DINV1.VArSpt,virtualCLSmini_PV1/DINV1.VArSpt.mxVal.f,virtualCLSmini_PV1/DINV1.VArSpt.ctlVal.f,disabled,,,d0dc61e8-16f4-44a2-a38f-cecd3a1ba092,False,False,"{'lower': -999999999, 'upper': 999999999}",,1,1,
39,39,virtualCLSmini_PV1/DINV1.OutWSet,virtualCLSmini_PV1/DINV1.OutWSet.setMag.f,virtualCLSmini_PV1/DINV1.OutWSet.setMag.f,disabled,,,ab613792-bd32-47cd-857b-21d292aa3850,False,False,"{'lower': -999999999, 'upper': 999999999}",,1,1,
40,40,virtualCLSmini_PV1/DINV1.OutVarSet,virtualCLSmini_PV1/DINV1.OutVarSet.setMag.f,virtualCLSmini_PV1/DINV1.OutVarSet.setMag.f,disabled,,,81ec3388-1c5a-41dc-b30a-26a95921ce81,False,False,"{'lower': -999999999, 'upper': 999999999}",,1,1,
41,41,virtualCLSmini_PV1/DINV1.InvCtlSrc,virtualCLSmini_PV1/DINV1.InvCtlSrc.setVal,virtualCLSmini_PV1/DINV1.InvCtlSrc.setVal,disabled,,,8514b8f1-4418-4950-bc99-09e81956db8a,False,False,"{'lower': -999999999, 'upper': 999999999}",,1,1,
42,42,virtualCLSmini_PV1/DINV1.Mod,virtualCLSmini_PV1/DINV1.Mod.stVal,virtualCLSmini_PV1/DINV1.Mod.ctlVal,disabled,,,215a8ec3-f566-4aa1-b34f-69f3531beb85,False,False,"{'lower': -999999999, 'upper': 999999999}",,1,1,
43,43,virtualCLSmini_PV1/DINV1.LocSta,virtualCLSmini_PV1/DINV1.LocSta.stVal,virtualCLSmini_PV1/DINV1.LocSta.ctlVal,disabled,,,4fb9246f-9e78-45ce-a3a6-147818790d6c,False,False,"{'lower': -999999999, 'upper': 999999999}",,1,1,
44,44,virtualCLSmini_PV1/DINV1.WRtg,virtualCLSmini_PV1/DINV1.WRtg.setMag.f,virtualCLSmini_PV1/DINV1.WRtg.setMag.f,disabled,,,0123c01a-3e15-40cf-9236-b2d8213acb8d,False,False,"{'lower': -999999999, 'upper': 999999999}",,1,1,
45,45,virtualCLSmini_PV1/DINV1.VARtg,virtualCLSmini_PV1/DINV1.VARtg.setMag.f,virtualCLSmini_PV1/DINV1.VARtg.setMag.f,disabled,,,06f57458-b715-4a77-8bf9-38bc87d7c02a,False,False,"{'lower': -999999999, 'upper': 999999999}",,1,1,
46,46,virtualCLSmini_PV1/DINV1.SwHz,virtualCLSmini_PV1/DINV1.SwHz.setMag.f,virtualCLSmini_PV1/DINV1.SwHz.setMag.f,disabled,,,e70a9715-848a-44b1-a62f-8d58b3b2479a,False,False,"{'lower': -999999999, 'upper': 999999999}",,1,1,
47,47,virtualCLSmini_PV1/DINV1.ClMthTyp,virtualCLSmini_PV1/DINV1.ClMthTyp.setVal,virtualCLSmini_PV1/DINV1.ClMthTyp.setVal,disabled,,,0bbc77ef-8a4f-4049-8824-7c9d85a3f0b1,False,False,"{'lower': -999999999, 'upper': 999999999}",,1,1,
48,48,virtualCLSmini_PV1/DINV1.IsoTyp,virtualCLSmini_PV1/DINV1.IsoTyp.setVal,virtualCLSmini_PV1/DINV1.IsoTyp.setVal,disabled,,,05ed8d95-cbf9-4112-8ef9-f72b6e207eaf,False,False,"{'lower': -999999999, 'upper': 999999999}",,1,1,
49,49,virtualCLSmini_PV1/DINV1.ACTyp,virtualCLSmini_PV1/DINV1.ACTyp.setVal,virtualCLSmini_PV1/DINV1.ACTyp.setVal,disabled,,,0a19cf07-aa74-4da0-83ed-bb210c44f1d8,False,False,"{'lower': -999999999, 'upper': 999999999}",,1,1,
50,50,virtualCLSmini_PV1/DINV1.InAMax,virtualCLSmini_PV1/DINV1.InAMax.setMag.f,virtualCLSmini_PV1/DINV1.InAMax.setMag.f,disabled,,,bb1ecb51-cc27-4192-81d3-1a8a8f876769,False,False,"{'lower': -999999999, 'upper': 999999999}",,1,1,
51,51,virtualCLSmini_PV1/DINV1.InVMax,virtualCLSmini_PV1/DINV1.InVMax.setMag.f,virtualCLSmini_PV1/DINV1.InVMax.setMag.f,disabled,,,489a6246-1c52-499c-b4d2-2526f29a9dd0,False,False,"{'lower': -999999999, 'upper': 999999999}",,1,1,
52,52,virtualCLSmini_PV1/DINV1.VArRtg,virtualCLSmini_PV1/DINV1.VArRtg.setMag.f,virtualCLSmini_PV1/DINV1.VArRtg.setMag.f,disabled,,,05d3224d-f788-4ef2-a4c9-052e363ad9cd,False,False,"{'lower': -999999999, 'upper': 999999999}",,1,1,
53,53,virtualCLSmini_PV1/DINV1.VRtg,virtualCLSmini_PV1/DINV1.VRtg.setMag.f,virtualCLSmini_PV1/DINV1.VRtg.setMag.f,disabled,,,51c674ef-514e-4ccc-8a2a-efd3d9390616,False,False,"{'lower': -999999999, 'upper': 999999999}",,1,1,
54,54,virtualCLSmini_PV1/DECP1.NamPlt,,,disabled,,,7389b708-978c-4c32-97b7-9d2de32b3cf5,False,False,"{'lower': -999999999, 'upper': 999999999}",,1,1,
55,55,virtualCLSmini_PV1/DECP1.Beh,virtualCLSmini_PV1/DECP1.Beh.stVal,,disabled,,,63315ba3-b655-4dea-a0b6-5f084b38a7f6,False,False,"{'lower': -999999999, 'upper': 999999999}",,1,1,
56,56,virtualCLSmini_PV1/DECP1.Health,virtualCLSmini_PV1/DECP1.Health.stVal,,disabled,,,ce2864c4-a4fe-47dd-b8ac-e2aa6689c927,False,False,"{'lower': -999999999, 'upper': 999999999}",,1,1,
57,57,virtualCLSmini_PV1/DECP1.PhsConnTyp,virtualCLSmini_PV1/DECP1.PhsConnTyp.stVal,,disabled,,,f6d7c85f-6ff7-49e6-9dcc-98f5433bb303,False,False,"{'lower': -999999999, 'upper': 999999999}",,1,1,
58,58,virtualCLSmini_PV1/DECP1.VRef,virtualCLSmini_PV1/DECP1.VRef.setMag.f,virtualCLSmini_PV1/DECP1.VRef.setMag.f,disabled,,,4e12705e-2c29-422e-95e9-cd995caceff8,False,False,"{'lower': -999999999, 'upper': 999999999}",,1,1,
59,59,virtualCLSmini_PV1/DECP1.VRefPct,virtualCLSmini_PV1/DECP1.VRefPct.setMag.f,virtualCLSmini_PV1/DECP1.VRefPct.setMag.f,disabled,,,147f86b8-6f3b-46c1-a482-38874ee1f2f0,False,False,"{'lower': -999999999, 'upper': 999999999}",,1,1,
60,60,virtualCLSmini_PV1/DECP1.WRtg,virtualCLSmini_PV1/DECP1.WRtg.setMag.f,virtualCLSmini_PV1/DECP1.WRtg.setMag.f,disabled,,,7bc599b4-3221-40a2-b190-21d30c952cd8,False,False,"{'lower': -999999999, 'upper': 999999999}",,1,1,
61,61,virtualCLSmini_PV1/DECP1.VArRtg,virtualCLSmini_PV1/DECP1.VArRtg.setMag.f,virtualCLSmini_PV1/DECP1.VArRtg.setMag.f,disabled,,,bd14d855-e875-4ae8-a912-ff1fb3c52878,False,False,"{'lower': -999999999, 'upper': 999999999}",,1,1,
62,62,virtualCLSmini_PV1/DECP1.VARtg,virtualCLSmini_PV1/DECP1.VARtg.setMag.f,virtualCLSmini_PV1/DECP1.VARtg.setMag.f,disabled,,,344d41bb-d335-47fc-b729-56196de77e37,False,False,"{'lower': -999999999, 'upper': 999999999}",,1,1,
63,63,virtualCLSmini_PV1/DECP1.VRtg,virtualCLSmini_PV1/DECP1.VRtg.setMag.f,virtualCLSmini_PV1/DECP1.VRtg.setMag.f,disabled,,,b9f1b5ab-5a74-4d53-b774-69f5e46855ac,False,False,"{'lower': -999999999, 'upper': 999999999}",,1,1,
64,64,virtualCLSmini_PV1/DECP1.HzNom,virtualCLSmini_PV1/DECP1.HzNom.setMag.f,virtualCLSmini_PV1/DECP1.HzNom.setMag.f,disabled,,,9ce2ec74-09e5-4d95-a4f2-34d648171b1d,False,False,"{'lower': -999999999, 'upper': 999999999}",,1,1,
65,65,virtualCLSmini_PV1/DECP1.VMax,virtualCLSmini_PV1/DECP1.VMax.setMag.f,virtualCLSmini_PV1/DECP1.VMax.setMag.f,disabled,,,5385edc0-46cf-40c4-9b72-11454d991102,False,False,"{'lower': -999999999, 'upper': 999999999}",,1,1,
66,66,virtualCLSmini_PV1/DECP1.VMin,virtualCLSmini_PV1/DECP1.VMin.setMag.f,virtualCLSmini_PV1/DECP1.VMin.setMag.f,disabled,,,998abac1-a2a2-45c7-8ce3-baceb974ab6c,False,False,"{'lower': -999999999, 'upper': 999999999}",,1,1,
67,67,virtualCLSmini_PV1/DECP1.DERMsIncl,virtualCLSmini_PV1/DECP1.DERMsIncl.setVal,virtualCLSmini_PV1/DECP1.DERMsIncl.setVal,disabled,,,452cbe47-caf4-4cad-ba64-f57ac7f82cce,False,False,"{'lower': -999999999, 'upper': 999999999}",,1,1,
68,68,virtualCLSmini_PV1/DECP1.Mod,virtualCLSmini_PV1/DECP1.Mod.stVal,virtualCLSmini_PV1/DECP1.Mod.ctlVal,disabled,,,74ffebd2-432c-4f64-a218-8329eeff67b4,False,False,"{'lower': -999999999, 'upper': 999999999}",,1,1,
69,69,virtualCLSmini_PV1/DGEN1.EEName,,,disabled,,,04f9d84c-c263-49f6-bfd8-3e302bc7e01b,False,False,"{'lower': -999999999, 'upper': 999999999}",,1,1,
70,70,virtualCLSmini_PV1/DGEN1.NamPlt,,,disabled,,,37176b05-f854-4e61-bf4f-f756c24afb66,False,False,"{'lower': -999999999, 'upper': 999999999}",,1,1,
71,71,virtualCLSmini_PV1/DGEN1.Beh,virtualCLSmini_PV1/DGEN1.Beh.stVal,,disabled,,,e2348a5d-a158-4abc-8ad5-3da2fc39172e,False,False,"{'lower': -999999999, 'upper': 999999999}",,1,1,
72,72,virtualCLSmini_PV1/DGEN1.Health,virtualCLSmini_PV1/DGEN1.Health.stVal,,disabled,,,8fd80990-52d7-4ab1-8bae-c511b5f448c2,False,False,"{'lower': -999999999, 'upper': 999999999}",,1,1,
73,73,virtualCLSmini_PV1/DGEN1.LocKey,virtualCLSmini_PV1/DGEN1.LocKey.stVal,,disabled,,,257a5d78-1b77-4502-bf05-e77489773449,False,False,"{'lower': -999999999, 'upper': 999999999}",,1,1,
74,74,virtualCLSmini_PV1/DGEN1.Loc,virtualCLSmini_PV1/DGEN1.Loc.stVal,,disabled,,,5b85fbdc-665d-473e-8dd5-4f3825396345,False,False,"{'lower': -999999999, 'upper': 999999999}",,1,1,
75,75,virtualCLSmini_PV1/DGEN1.GnSynSt,virtualCLSmini_PV1/DGEN1.GnSynSt.stVal,,disabled,,,e2a8cc49-1789-4b6b-999b-f354622ee87a,False,False,"{'lower': -999999999, 'upper': 999999999}",,1,1,
76,76,virtualCLSmini_PV1/DGEN1.DEROpSt,virtualCLSmini_PV1/DGEN1.DEROpSt.stVal,,disabled,,,1cdc518d-8713-44fa-9963-60b782970215,False,False,"{'lower': -999999999, 'upper': 999999999}",,1,1,
77,77,virtualCLSmini_PV1/DGEN1.OpTmh,virtualCLSmini_PV1/DGEN1.OpTmh.stVal,,disabled,,,8f38b482-47c7-4136-b30d-bbde4892a6bc,False,False,"{'lower': -999999999, 'upper': 999999999}",,1,1,
78,78,virtualCLSmini_PV1/DGEN1.EEHealth,virtualCLSmini_PV1/DGEN1.EEHealth.stVal,,disabled,,,ef1e05ae-f082-4765-84fe-d83acb761c0a,False,False,"{'lower': -999999999, 'upper': 999999999}",,1,1,
79,79,virtualCLSmini_PV1/DGEN1.CnstWMax,virtualCLSmini_PV1/DGEN1.CnstWMax.mag.f,,disabled,,,a1b261d4-2ca6-45c1-ad80-53cfc8dd54eb,False,False,"{'lower': -999999999, 'upper': 999999999}",,1,1,
80,80,virtualCLSmini_PV1/DGEN1.GnEnTot,virtualCLSmini_PV1/DGEN1.GnEnTot.mag.f,,disabled,,,bc3bb5c1-5cf4-447b-9a66-c1b0fada0eaa,False,False,"{'lower': -999999999, 'upper': 999999999}",,1,1,
81,81,virtualCLSmini_PV1/DGEN1.GnEnPer,virtualCLSmini_PV1/DGEN1.GnEnPer.mag.f,,disabled,,,2b420bb6-a3f4-446d-897c-159669f3616f,False,False,"{'lower': -999999999, 'upper': 999999999}",,1,1,
82,82,virtualCLSmini_PV1/DGEN1.RenWPct,virtualCLSmini_PV1/DGEN1.RenWPct.mag.f,,disabled,,,e14b6d6c-305d-4cc7-b3e6-f2da3aa68912,False,False,"{'lower': -999999999, 'upper': 999999999}",,1,1,
83,83,virtualCLSmini_PV1/DGEN1.RenVArPct,virtualCLSmini_PV1/DGEN1.RenVArPct.mag.f,,disabled,,,84bd25a6-e93a-4f32-9648-a7cf15cd5213,False,False,"{'lower': -999999999, 'upper': 999999999}",,1,1,
84,84,virtualCLSmini_PV1/DGEN1.VArTot,virtualCLSmini_PV1/DGEN1.VArTot.mag.f,,disabled,,,429e1a05-93f7-4c97-9541-b2541fba121f,False,False,"{'lower': -999999999, 'upper': 999999999}",,1,1,
85,85,virtualCLSmini_PV1/DGEN1.AvarTot,virtualCLSmini_PV1/DGEN1.AvarTot.mag.f,,disabled,,,0eb305c3-d5dd-4b1c-a59f-845a1490c49c,False,False,"{'lower': -999999999, 'upper': 999999999}",,1,1,
86,86,virtualCLSmini_PV1/DGEN1.IvarTot,virtualCLSmini_PV1/DGEN1.IvarTot.mag.f,,disabled,,,62600c60-cf1a-4919-9d93-a1c1633a55e9,False,False,"{'lower': -999999999, 'upper': 999999999}",,1,1,
87,87,virtualCLSmini_PV1/DGEN1.VArAvl,virtualCLSmini_PV1/DGEN1.VArAvl.mag.f,,disabled,,,46cd082e-fd19-4b92-be1d-7cbc2dc4b8c0,False,False,"{'lower': -999999999, 'upper': 999999999}",,1,1,
88,88,virtualCLSmini_PV1/DGEN1.AvarAvl,virtualCLSmini_PV1/DGEN1.AvarAvl.mag.f,,disabled,,,e6e0f7ce-3b59-4b61-9004-fbe476ab3a2e,False,False,"{'lower': -999999999, 'upper': 999999999}",,1,1,
89,89,virtualCLSmini_PV1/DGEN1.IvarAvl,virtualCLSmini_PV1/DGEN1.IvarAvl.mag.f,,disabled,,,de103af3-a2fc-4541-b3a9-c8520f65d5f1,False,False,"{'lower': -999999999, 'upper': 999999999}",,1,1,
90,90,virtualCLSmini_PV1/DGEN1.SelfSvcWh,virtualCLSmini_PV1/DGEN1.SelfSvcWh.mag.f,,disabled,,,567f30c6-912a-4c7d-a029-49be3e2fa7f0,False,False,"{'lower': -999999999, 'upper': 999999999}",,1,1,
91,91,virtualCLSmini_PV1/DGEN1.VAPct,virtualCLSmini_PV1/DGEN1.VAPct.mag.f,,disabled,,,fc4870b0-f7e6-4b7f-a037-d98c2c1418a7,False,False,"{'lower': -999999999, 'upper': 999999999}",,1,1,
92,92,virtualCLSmini_PV1/DGEN1.AvlUpW,virtualCLSmini_PV1/DGEN1.AvlUpW.mag.f,,disabled,,,0f45db79-549b-4dbc-b577-e4239eb2a357,False,False,"{'lower': -999999999, 'upper': 999999999}",,1,1,
93,93,virtualCLSmini_PV1/DGEN1.AvlDnW,virtualCLSmini_PV1/DGEN1.AvlDnW.mag.f,,disabled,,,dbe6a124-adbf-4dbf-8545-e1489a446827,False,False,"{'lower': -999999999, 'upper': 999999999}",,1,1,
94,94,virtualCLSmini_PV1/DGEN1.Mod,virtualCLSmini_PV1/DGEN1.Mod.stVal,virtualCLSmini_PV1/DGEN1.Mod.ctlVal,disabled,,,a41a5dc5-7866-4797-ac25-8e61dfe11a0a,False,False,"{'lower': -999999999, 'upper': 999999999}",,1,1,
95,95,virtualCLSmini_PV1/DGEN1.LocSta,virtualCLSmini_PV1/DGEN1.LocSta.stVal,virtualCLSmini_PV1/DGEN1.LocSta.ctlVal,disabled,,,12a772be-e7db-4263-bfa2-f829e5afe38c,False,False,"{'lower': -999999999, 'upper': 999999999}",,1,1,
96,96,virtualCLSmini_PV1/DGEN1.GnOnCnt,virtualCLSmini_PV1/DGEN1.GnOnCnt.stVal,virtualCLSmini_PV1/DGEN1.GnOnCnt.ctlVal,disabled,,,47011ee9-5244-4661-bef4-78d32bb15893,False,False,"{'lower': -999999999, 'upper': 999999999}",,1,1,
97,97,virtualCLSmini_PV1/DGEN1.TotStrCnt,virtualCLSmini_PV1/DGEN1.TotStrCnt.stVal,virtualCLSmini_PV1/DGEN1.TotStrCnt.ctlVal,disabled,,,9ddbd333-6e6c-40bb-bf0b-13238d2117b3,False,False,"{'lower': -999999999, 'upper': 999999999}",,1,1,
98,98,virtualCLSmini_PV1/DGEN1.PerStrCnt,virtualCLSmini_PV1/DGEN1.PerStrCnt.stVal,virtualCLSmini_PV1/DGEN1.PerStrCnt.ctlVal,disabled,,,a5524851-37f0-47b4-bcd1-e50e8f81b6d2,False,False,"{'lower': -999999999, 'upper': 999999999}",,1,1,
99,99,virtualCLSmini_PV1/DGEN1.OpTms,virtualCLSmini_PV1/DGEN1.OpTms.stVal,virtualCLSmini_PV1/DGEN1.OpTms.ctlVal,disabled,,,942d7789-bb0f-48c8-9976-38f517106973,False,False,"{'lower': -999999999, 'upper': 999999999}",,1,1,
100,100,virtualCLSmini_PV1/DGEN1.GnEnPerRs,virtualCLSmini_PV1/DGEN1.GnEnPerRs.stVal,virtualCLSmini_PV1/DGEN1.GnEnPerRs.ctlVal,disabled,,,1c704137-0c58-44a1-858d-e2f7f93b5f12,False,False,"{'lower': -999999999, 'upper': 999999999}",,1,1,
101,101,virtualCLSmini_PV1/DGEN1.DEROpStCtl,virtualCLSmini_PV1/DGEN1.DEROpStCtl.stVal,virtualCLSmini_PV1/DGEN1.DEROpStCtl.ctlVal,disabled,,,13aba8f7-335d-497b-8859-b4607968ddad,False,False,"{'lower': -999999999, 'upper': 999999999}",,1,1,
102,102,virtualCLSmini_PV1/DGEN1.WSpt,virtualCLSmini_PV1/DGEN1.WSpt.mxVal.f,virtualCLSmini_PV1/DGEN1.WSpt.ctlVal.f,disabled,,,c4b11c03-a4fa-46ad-9561-d3318a0e923b,False,False,"{'lower': -999999999, 'upper': 999999999}",,1,1,
103,103,virtualCLSmini_PV1/DGEN1.VArSpt,virtualCLSmini_PV1/DGEN1.VArSpt.mxVal.f,virtualCLSmini_PV1/DGEN1.VArSpt.ctlVal.f,disabled,,,3402d09c-08a2-4bf1-b460-4bac3492b58e,False,False,"{'lower': -999999999, 'upper': 999999999}",,1,1,
104,104,virtualCLSmini_PV1/DGEN1.OutWSet,virtualCLSmini_PV1/DGEN1.OutWSet.setMag.f,virtualCLSmini_PV1/DGEN1.OutWSet.setMag.f,number,{"value": 1.0},,da108749-8588-4ee7-b79b-af8f72efec68,True,True,"{'lower': -999999999, 'upper': 999999999}",,1,1,
105,105,virtualCLSmini_PV1/DGEN1.OutVarSet,virtualCLSmini_PV1/DGEN1.OutVarSet.setMag.f,virtualCLSmini_PV1/DGEN1.OutVarSet.setMag.f,disabled,,,b04340cc-a452-4e1b-a6c4-e9c93282dcdf,False,False,"{'lower': -999999999, 'upper': 999999999}",,1,1,
106,106,virtualCLSmini_PV1/DGEN1.OpCntRs,virtualCLSmini_PV1/DGEN1.OpCntRs.stVal,virtualCLSmini_PV1/DGEN1.OpCntRs.ctlVal,disabled,,,2b8e52a2-f387-41b5-89d6-641c1b175b3d,False,False,"{'lower': -999999999, 'upper': 999999999}",,1,1,
107,107,virtualCLSmini_PV1/DGEN1.WMaxRtg,virtualCLSmini_PV1/DGEN1.WMaxRtg.setMag.f,virtualCLSmini_PV1/DGEN1.WMaxRtg.setMag.f,disabled,,,f8b42d16-1ce0-4c32-9342-5903c7a7a512,False,False,"{'lower': -999999999, 'upper': 999999999}",,1,1,
108,108,virtualCLSmini_PV1/DGEN1.VAMaxRtg,virtualCLSmini_PV1/DGEN1.VAMaxRtg.setMag.f,virtualCLSmini_PV1/DGEN1.VAMaxRtg.setMag.f,disabled,,,214a17ec-3f4e-4b3b-bc87-ce067d4f25be,False,False,"{'lower': -999999999, 'upper': 999999999}",,1,1,
109,109,virtualCLSmini_PV1/DGEN1.VArMaxRtg,virtualCLSmini_PV1/DGEN1.VArMaxRtg.setMag.f,virtualCLSmini_PV1/DGEN1.VArMaxRtg.setMag.f,disabled,,,94ed69ab-ac0d-46fb-b117-d8f36e660c92,False,False,"{'lower': -999999999, 'upper': 999999999}",,1,1,
110,110,virtualCLSmini_PV1/DGEN1.AvarMaxRtg,virtualCLSmini_PV1/DGEN1.AvarMaxRtg.setMag.f,virtualCLSmini_PV1/DGEN1.AvarMaxRtg.setMag.f,disabled,,,6a0fa679-4919-4e04-9e68-fedf25ccf5c2,False,False,"{'lower': -999999999, 'upper': 999999999}",,1,1,
111,111,virtualCLSmini_PV1/DGEN1.IvarMaxRtg,virtualCLSmini_PV1/DGEN1.IvarMaxRtg.setMag.f,virtualCLSmini_PV1/DGEN1.IvarMaxRtg.setMag.f,disabled,,,f60ed401-4866-4671-a428-0278af71bc5b,False,False,"{'lower': -999999999, 'upper': 999999999}",,1,1,
112,112,virtualCLSmini_PV1/DGEN1.AMaxRtg,virtualCLSmini_PV1/DGEN1.AMaxRtg.setMag.f,virtualCLSmini_PV1/DGEN1.AMaxRtg.setMag.f,disabled,,,6a6dd39b-5b3b-42fb-94c7-4ed1dd11ea4d,False,False,"{'lower': -999999999, 'upper': 999999999}",,1,1,
113,113,virtualCLSmini_PV1/DGEN1.VMaxRtg,virtualCLSmini_PV1/DGEN1.VMaxRtg.setMag.f,virtualCLSmini_PV1/DGEN1.VMaxRtg.setMag.f,disabled,,,f8a197dd-3065-42e4-9d8d-3d3ede72d444,False,False,"{'lower': -999999999, 'upper': 999999999}",,1,1,
114,114,virtualCLSmini_PV1/DGEN1.VMinRtg,virtualCLSmini_PV1/DGEN1.VMinRtg.setMag.f,virtualCLSmini_PV1/DGEN1.VMinRtg.setMag.f,disabled,,,b572cb6f-7193-4aab-81a0-459039eab8e1,False,False,"{'lower': -999999999, 'upper': 999999999}",,1,1,
115,115,virtualCLSmini_PV1/DGEN1.WRpuMaxRtg,virtualCLSmini_PV1/DGEN1.WRpuMaxRtg.setMag.f,virtualCLSmini_PV1/DGEN1.WRpuMaxRtg.setMag.f,disabled,,,1e200d6b-4b71-4f32-a0b5-e291737a4517,False,False,"{'lower': -999999999, 'upper': 999999999}",,1,1,
116,116,virtualCLSmini_PV1/DGEN1.WRpdMaxRtg,virtualCLSmini_PV1/DGEN1.WRpdMaxRtg.setMag.f,virtualCLSmini_PV1/DGEN1.WRpdMaxRtg.setMag.f,disabled,,,e1390ec1-1e4a-41bd-83e1-f6dbf1d88884,False,False,"{'lower': -999999999, 'upper': 999999999}",,1,1,
117,117,virtualCLSmini_PV1/DGEN1.CtbWMaxRtg,virtualCLSmini_PV1/DGEN1.CtbWMaxRtg.setMag.f,virtualCLSmini_PV1/DGEN1.CtbWMaxRtg.setMag.f,disabled,,,36a3c552-805a-4607-8e65-61ca44883ce4,False,False,"{'lower': -999999999, 'upper': 999999999}",,1,1,
118,118,virtualCLSmini_PV1/DGEN1.CtbVArMaxRtg,virtualCLSmini_PV1/DGEN1.CtbVArMaxRtg.setMag.f,virtualCLSmini_PV1/DGEN1.CtbVArMaxRtg.setMag.f,disabled,,,d9e45536-c594-439a-b856-e2b40bd7f300,False,False,"{'lower': -999999999, 'upper': 999999999}",,1,1,
119,119,virtualCLSmini_PV1/DGEN1.WMax,virtualCLSmini_PV1/DGEN1.WMax.setMag.f,virtualCLSmini_PV1/DGEN1.WMax.setMag.f,local,"{'provider':'0a45182b-2f4a-4a2f-b136-91cd182a457e.csv'}",,4714fc6f-87d0-4cdf-ab4b-e3082c6529f0,True,True,"{'lower': -999999999, 'upper': 999999999}",,1,1,
120,120,virtualCLSmini_PV1/DGEN1.WRmp,virtualCLSmini_PV1/DGEN1.WRmp.setMag.f,virtualCLSmini_PV1/DGEN1.WRmp.setMag.f,disabled,,,d7486652-3079-4cdd-88b5-c320c7718921,False,False,"{'lower': -999999999, 'upper': 999999999}",,1,1,
121,121,virtualCLSmini_PV1/DGEN1.VArMax,virtualCLSmini_PV1/DGEN1.VArMax.setMag.f,virtualCLSmini_PV1/DGEN1.VArMax.setMag.f,disabled,,,fc477763-64d1-40e8-8f5a-5ce1a31aa3a8,False,False,"{'lower': -999999999, 'upper': 999999999}",,1,1,
122,122,virtualCLSmini_PV1/DGEN1.AvarMax,virtualCLSmini_PV1/DGEN1.AvarMax.setMag.f,virtualCLSmini_PV1/DGEN1.AvarMax.setMag.f,disabled,,,a1c3eae2-9437-4c7b-bb6c-777139496f7a,False,False,"{'lower': -999999999, 'upper': 999999999}",,1,1,
123,123,virtualCLSmini_PV1/DGEN1.IvarMax,virtualCLSmini_PV1/DGEN1.IvarMax.setMag.f,virtualCLSmini_PV1/DGEN1.IvarMax.setMag.f,disabled,,,fdae6549-eb12-4318-a24d-0e0dd316513f,False,False,"{'lower': -999999999, 'upper': 999999999}",,1,1,
124,124,virtualCLSmini_PV1/DGEN1.VMax,virtualCLSmini_PV1/DGEN1.VMax.setMag.f,virtualCLSmini_PV1/DGEN1.VMax.setMag.f,disabled,,,d6e2bea4-3e9a-4757-bf6a-dbafbfb31c5a,False,False,"{'lower': -999999999, 'upper': 999999999}",,1,1,
125,125,virtualCLSmini_PV1/DGEN1.VMin,virtualCLSmini_PV1/DGEN1.VMin.setMag.f,virtualCLSmini_PV1/DGEN1.VMin.setMag.f,disabled,,,6d20fd60-f018-4bd3-bdae-166f3c7aa529,False,False,"{'lower': -999999999, 'upper': 999999999}",,1,1,
126,126,virtualCLSmini_PV1/DGEN1.AMax,virtualCLSmini_PV1/DGEN1.AMax.setMag.f,virtualCLSmini_PV1/DGEN1.AMax.setMag.f,disabled,,,196f27b2-a931-47b1-87f9-9c33c222f7e8,False,False,"{'lower': -999999999, 'upper': 999999999}",,1,1,
127,127,virtualCLSmini_PV1/DGEN1.VAMax,virtualCLSmini_PV1/DGEN1.VAMax.setMag.f,virtualCLSmini_PV1/DGEN1.VAMax.setMag.f,disabled,,,4b435e38-7398-496a-85cb-efdf82a1a0f8,False,False,"{'lower': -999999999, 'upper': 999999999}",,1,1,
128,128,virtualCLSmini_PV1/DGEN1.AvaMax,virtualCLSmini_PV1/DGEN1.AvaMax.setMag.f,virtualCLSmini_PV1/DGEN1.AvaMax.setMag.f,disabled,,,e466cb99-9d40-4c10-95fb-c8a12ebb5373,False,False,"{'lower': -999999999, 'upper': 999999999}",,1,1,
129,129,virtualCLSmini_PV1/DGEN1.IvaMax,virtualCLSmini_PV1/DGEN1.IvaMax.setMag.f,virtualCLSmini_PV1/DGEN1.IvaMax.setMag.f,disabled,,,e596f6a0-0a9b-4516-bc50-1527dfa01a0b,False,False,"{'lower': -999999999, 'upper': 999999999}",,1,1,
130,130,virtualCLSmini_PV1/DGEN1.VArSptRef,virtualCLSmini_PV1/DGEN1.VArSptRef.setVal,virtualCLSmini_PV1/DGEN1.VArSptRef.setVal,disabled,,,f4f268fe-95df-4164-acad-ecb0ecde0b54,False,False,"{'lower': -999999999, 'upper': 999999999}",,1,1,
131,131,virtualCLSmini_PV1/DGEN1.EcpConnTyp,virtualCLSmini_PV1/DGEN1.EcpConnTyp.setVal,virtualCLSmini_PV1/DGEN1.EcpConnTyp.setVal,disabled,,,2145cc90-6d84-4ea1-b995-c483e2e50223,False,False,"{'lower': -999999999, 'upper': 999999999}",,1,1,
132,132,virtualCLSmini_PV1/DGEN1.PhsConnTyp,virtualCLSmini_PV1/DGEN1.PhsConnTyp.setVal,virtualCLSmini_PV1/DGEN1.PhsConnTyp.setVal,disabled,,,9ab327e9-cba7-41da-8a7c-4d24889d3b3f,False,False,"{'lower': -999999999, 'upper': 999999999}",,1,1,
133,133,virtualCLSmini_PV1/DGEN1.DERTyp,virtualCLSmini_PV1/DGEN1.DERTyp.setVal,virtualCLSmini_PV1/DGEN1.DERTyp.setVal,disabled,,,61a48007-365a-42bd-96a0-451898a2663b,False,False,"{'lower': -999999999, 'upper': 999999999}",,1,1,
134,134,virtualCLSmini_PV1/DGEN1.TmpMaxRtg,virtualCLSmini_PV1/DGEN1.TmpMaxRtg.setMag.f,virtualCLSmini_PV1/DGEN1.TmpMaxRtg.setMag.f,disabled,,,30707f3f-a94e-4904-9655-b5d47517f47d,False,False,"{'lower': -999999999, 'upper': 999999999}",,1,1,
135,135,virtualCLSmini_PV1/DGEN1.SelfWRtg,virtualCLSmini_PV1/DGEN1.SelfWRtg.setMag.f,virtualCLSmini_PV1/DGEN1.SelfWRtg.setMag.f,disabled,,,2b4b88df-3dfe-441f-9f27-043798298641,False,False,"{'lower': -999999999, 'upper': 999999999}",,1,1,
136,136,virtualCLSmini_PV1/DGEN1.SelfVRtg,virtualCLSmini_PV1/DGEN1.SelfVRtg.setMag.f,virtualCLSmini_PV1/DGEN1.SelfVRtg.setMag.f,disabled,,,3b9c4e41-7f11-4c26-8e66-ae3468730859,False,False,"{'lower': -999999999, 'upper': 999999999}",,1,1,
137,137,virtualCLSmini_PV1/DGEN1.SelfPFRtg,virtualCLSmini_PV1/DGEN1.SelfPFRtg.setMag.f,virtualCLSmini_PV1/DGEN1.SelfPFRtg.setMag.f,disabled,,,8e1e39ac-ce1a-4f70-b0e9-92b5c95ff276,False,False,"{'lower': -999999999, 'upper': 999999999}",,1,1,
138,138,virtualCLSmini_PV1/DGEN1.RvSeq,virtualCLSmini_PV1/DGEN1.RvSeq.setVal,virtualCLSmini_PV1/DGEN1.RvSeq.setVal,disabled,,,b33a7962-d4cd-48e5-8b1c-8b7c7efbcdc7,False,False,"{'lower': -999999999, 'upper': 999999999}",,1,1,
139,139,virtualCLSmini_PV1/DGEN1.SelfVRngRtg,virtualCLSmini_PV1/DGEN1.SelfVRngRtg.setMag.f,virtualCLSmini_PV1/DGEN1.SelfVRngRtg.setMag.f,disabled,,,f4fe8fa0-b568-4ddc-9b25-c0f0d55da338,False,False,"{'lower': -999999999, 'upper': 999999999}",,1,1,
140,140,virtualCLSmini_PV1/DGEN1.EfcRtgPct,virtualCLSmini_PV1/DGEN1.EfcRtgPct.setMag.f,virtualCLSmini_PV1/DGEN1.EfcRtgPct.setMag.f,disabled,,,344b4b8c-e490-40e1-85bc-ab4aa1846805,False,False,"{'lower': -999999999, 'upper': 999999999}",,1,1,
141,141,virtualCLSmini_PV1/DGEN1.HzNomRtg,virtualCLSmini_PV1/DGEN1.HzNomRtg.setMag.f,virtualCLSmini_PV1/DGEN1.HzNomRtg.setMag.f,disabled,,,54062350-afc8-44c0-8000-38e81b762622,False,False,"{'lower': -999999999, 'upper': 999999999}",,1,1,
142,142,virtualCLSmini_PV1/DGEN1.HzMinRtg,virtualCLSmini_PV1/DGEN1.HzMinRtg.setMag.f,virtualCLSmini_PV1/DGEN1.HzMinRtg.setMag.f,disabled,,,89a34c09-07b6-437b-bee0-9affabca6cf1,False,False,"{'lower': -999999999, 'upper': 999999999}",,1,1,
143,143,virtualCLSmini_PV1/DGEN1.HzMaxRtg,virtualCLSmini_PV1/DGEN1.HzMaxRtg.setMag.f,virtualCLSmini_PV1/DGEN1.HzMaxRtg.setMag.f,disabled,,,3dd35105-5cdd-4498-b8c9-662455d2ddf2,False,False,"{'lower': -999999999, 'upper': 999999999}",,1,1,
144,144,virtualCLSmini_PV1/MMXU1.NamPlt,,,disabled,,,f70d4b59-8d65-46b2-bd1d-f1abdedc9a63,False,False,"{'lower': -999999999, 'upper': 999999999}",,1,1,
145,145,virtualCLSmini_PV1/MMXU1.Beh,virtualCLSmini_PV1/MMXU1.Beh.stVal,,disabled,,,3b33390b-1788-4ecd-85e7-603c0b72cd42,False,False,"{'lower': -999999999, 'upper': 999999999}",,1,1,
146,146,virtualCLSmini_PV1/MMXU1.Health,virtualCLSmini_PV1/MMXU1.Health.stVal,,disabled,,,5e5e950e-9e15-4199-abe0-e7a04a96c6ad,False,False,"{'lower': -999999999, 'upper': 999999999}",,1,1,
147,147,virtualCLSmini_PV1/MMXU1.PFExtQud,virtualCLSmini_PV1/MMXU1.PFExtQud.stVal,,disabled,,,5a530380-510d-4ac2-aaee-8d8b22114087,False,False,"{'lower': -999999999, 'upper': 999999999}",,1,1,
148,148,virtualCLSmini_PV1/MMXU1.PQSt,virtualCLSmini_PV1/MMXU1.PQSt.stVal,,disabled,,,c5be6ac9-2c2f-4541-84c9-d2022bd1f79e,False,False,"{'lower': -999999999, 'upper': 999999999}",,1,1,
149,149,virtualCLSmini_PV1/MMXU1.TotW,virtualCLSmini_PV1/MMXU1.TotW.mag.f,,influxdb,"{'GUID':'03be7a5e-5cbf-4693-888a-85bf74d2edea', 'field_key': 'Value'}",,86737c81-a6c2-4cce-b1bc-e232369ac953,True,False,"{'lower': -999999999, 'upper': 999999999}",,1,1,
150,150,virtualCLSmini_PV1/MMXU1.TotVAr,virtualCLSmini_PV1/MMXU1.TotVAr.mag.f,,disabled,,,eaf00784-6caa-47cd-b18b-cb1d58568251,False,False,"{'lower': -999999999, 'upper': 999999999}",,1,1,
151,151,virtualCLSmini_PV1/MMXU1.TotVA,virtualCLSmini_PV1/MMXU1.TotVA.mag.f,,disabled,,,8574dc5f-235c-4095-a98e-7d5a266c3bc0,False,False,"{'lower': -999999999, 'upper': 999999999}",,1,1,
152,152,virtualCLSmini_PV1/MMXU1.TotPF,virtualCLSmini_PV1/MMXU1.TotPF.mag.f,,disabled,,,c6a33efd-b531-4dcb-8a2b-cb1d953450fd,False,False,"{'lower': -999999999, 'upper': 999999999}",,1,1,
153,153,virtualCLSmini_PV1/MMXU1.Hz,virtualCLSmini_PV1/MMXU1.Hz.mag.f,,random,{"value":50},,49986ef9-9dc5-4dfb-a391-26a0778734b3,True,False,"{'lower': -999999999, 'upper': 999999999}",,1,1,
154,154,virtualCLSmini_PV1/MMXU1.PPV.phsAB,virtualCLSmini_PV1/MMXU1.PPV.phsAB.cVal.mag.f,,disabled,,,6b2c1830-88a3-458b-b1b2-857b9a75aeaf,False,False,"{'lower': -999999999, 'upper': 999999999}",,1,1,
155,155,virtualCLSmini_PV1/MMXU1.PPV.phsBC,virtualCLSmini_PV1/MMXU1.PPV.phsBC.cVal.mag.f,,disabled,,,ae31b298-76ce-4e63-b061-355d4a68a7db,False,False,"{'lower': -999999999, 'upper': 999999999}",,1,1,
156,156,virtualCLSmini_PV1/MMXU1.PPV.phsCA,virtualCLSmini_PV1/MMXU1.PPV.phsCA.cVal.mag.f,,disabled,,,5661307d-87a7-43b6-b2c1-804a06dac11b,False,False,"{'lower': -999999999, 'upper': 999999999}",,1,1,
157,157,virtualCLSmini_PV1/MMXU1.PNV.phsA,virtualCLSmini_PV1/MMXU1.PNV.phsA.cVal.mag.f,,disabled,,,fb9cb16a-6d28-40cf-a03c-8dec7b888eb0,False,False,"{'lower': -999999999, 'upper': 999999999}",,1,1,
158,158,virtualCLSmini_PV1/MMXU1.PNV.phsB,virtualCLSmini_PV1/MMXU1.PNV.phsB.cVal.mag.f,,disabled,,,71cd1149-7ed0-4b13-844d-af141e776427,False,False,"{'lower': -999999999, 'upper': 999999999}",,1,1,
159,159,virtualCLSmini_PV1/MMXU1.PNV.phsC,virtualCLSmini_PV1/MMXU1.PNV.phsC.cVal.mag.f,,disabled,,,5a35a29c-387e-4141-ac29-b223020735dd,False,False,"{'lower': -999999999, 'upper': 999999999}",,1,1,
160,160,virtualCLSmini_PV1/MMXU1.PNV.neut,virtualCLSmini_PV1/MMXU1.PNV.neut.cVal.mag.f,,disabled,,,046dc372-e480-4bdb-bc2a-89de9e671285,False,False,"{'lower': -999999999, 'upper': 999999999}",,1,1,
161,161,virtualCLSmini_PV1/MMXU1.PNV.net,virtualCLSmini_PV1/MMXU1.PNV.net.cVal.mag.f,,disabled,,,42e46a0f-f58c-4b79-9ad2-e3b8dcdea3d8,False,False,"{'lower': -999999999, 'upper': 999999999}",,1,1,
162,162,virtualCLSmini_PV1/MMXU1.PNV.res,virtualCLSmini_PV1/MMXU1.PNV.res.cVal.mag.f,,disabled,,,7d8d9ed1-25fd-4e62-afaf-d08eae5617c5,False,False,"{'lower': -999999999, 'upper': 999999999}",,1,1,
163,163,virtualCLSmini_PV1/MMXU1.PhV.phsA,virtualCLSmini_PV1/MMXU1.PhV.phsA.cVal.mag.f,,random,{"value":230.0},,18657e55-5221-4ab5-beb8-50bb2a062de5,True,False,"{'lower': -999999999, 'upper': 999999999}",,1,1,
164,164,virtualCLSmini_PV1/MMXU1.PhV.phsB,virtualCLSmini_PV1/MMXU1.PhV.phsB.cVal.mag.f,,random,{"value":230.0},,d9867fca-7008-4bbd-9986-5268a5cb3df5,True,False,"{'lower': -999999999, 'upper': 999999999}",,1,1,
165,165,virtualCLSmini_PV1/MMXU1.PhV.phsC,virtualCLSmini_PV1/MMXU1.PhV.phsC.cVal.mag.f,,random,{"value":230.0},,3f4a753f-dfea-4e3b-8a6c-39da6a0a7c57,True,False,"{'lower': -999999999, 'upper': 999999999}",,1,1,
166,166,virtualCLSmini_PV1/MMXU1.PhV.neut,virtualCLSmini_PV1/MMXU1.PhV.neut.cVal.mag.f,,disabled,,,caa37f46-0d4e-41d5-a5e8-a31faa89cae2,False,False,"{'lower': -999999999, 'upper': 999999999}",,1,1,
167,167,virtualCLSmini_PV1/MMXU1.PhV.net,virtualCLSmini_PV1/MMXU1.PhV.net.cVal.mag.f,,disabled,,,5215d110-f5cf-4059-a343-a8b53063f248,False,False,"{'lower': -999999999, 'upper': 999999999}",,1,1,
168,168,virtualCLSmini_PV1/MMXU1.PhV.res,virtualCLSmini_PV1/MMXU1.PhV.res.cVal.mag.f,,disabled,,,918a20e4-b234-4a61-bc74-0c7e04696f50,False,False,"{'lower': -999999999, 'upper': 999999999}",,1,1,
169,169,virtualCLSmini_PV1/MMXU1.A.phsA,virtualCLSmini_PV1/MMXU1.A.phsA.cVal.mag.f,,disabled,,,4405babe-debf-41f2-84ec-e714e5d746b2,False,False,"{'lower': -999999999, 'upper': 999999999}",,1,1,
170,170,virtualCLSmini_PV1/MMXU1.A.phsB,virtualCLSmini_PV1/MMXU1.A.phsB.cVal.mag.f,,disabled,,,806de493-cf2d-4a81-a71d-17040d8b3d4b,False,False,"{'lower': -999999999, 'upper': 999999999}",,1,1,
171,171,virtualCLSmini_PV1/MMXU1.A.phsC,virtualCLSmini_PV1/MMXU1.A.phsC.cVal.mag.f,,disabled,,,b548dd37-9948-4481-8bf2-7f1ffa063fe0,False,False,"{'lower': -999999999, 'upper': 999999999}",,1,1,
172,172,virtualCLSmini_PV1/MMXU1.A.neut,virtualCLSmini_PV1/MMXU1.A.neut.cVal.mag.f,,disabled,,,039b33f5-594b-4700-bba2-64d4201bc290,False,False,"{'lower': -999999999, 'upper': 999999999}",,1,1,
173,173,virtualCLSmini_PV1/MMXU1.A.net,virtualCLSmini_PV1/MMXU1.A.net.cVal.mag.f,,disabled,,,0ccae27a-9b7c-4227-8a1c-f0cbe2080eee,False,False,"{'lower': -999999999, 'upper': 999999999}",,1,1,
174,174,virtualCLSmini_PV1/MMXU1.A.res,virtualCLSmini_PV1/MMXU1.A.res.cVal.mag.f,,disabled,,,e7313f86-84d5-4694-9411-7a55a273ebe3,False,False,"{'lower': -999999999, 'upper': 999999999}",,1,1,
175,175,virtualCLSmini_PV1/MMXU1.W.phsA,virtualCLSmini_PV1/MMXU1.W.phsA.cVal.mag.f,,disabled,,,64155f82-2c37-4d27-beb0-bd193e3faba5,False,False,"{'lower': -999999999, 'upper': 999999999}",,1,1,
176,176,virtualCLSmini_PV1/MMXU1.W.phsB,virtualCLSmini_PV1/MMXU1.W.phsB.cVal.mag.f,,disabled,,,fe90003b-70f4-4d45-b754-75109b3f43f8,False,False,"{'lower': -999999999, 'upper': 999999999}",,1,1,
177,177,virtualCLSmini_PV1/MMXU1.W.phsC,virtualCLSmini_PV1/MMXU1.W.phsC.cVal.mag.f,,disabled,,,21cfb51a-126b-4d8d-bbb5-08b9ba09236e,False,False,"{'lower': -999999999, 'upper': 999999999}",,1,1,
178,178,virtualCLSmini_PV1/MMXU1.W.neut,virtualCLSmini_PV1/MMXU1.W.neut.cVal.mag.f,,disabled,,,eb4a960f-44f5-43d2-84e4-944a192c480b,False,False,"{'lower': -999999999, 'upper': 999999999}",,1,1,
179,179,virtualCLSmini_PV1/MMXU1.W.net,virtualCLSmini_PV1/MMXU1.W.net.cVal.mag.f,,disabled,,,ce05db11-7f79-4638-b898-8ffe07995b11,False,False,"{'lower': -999999999, 'upper': 999999999}",,1,1,
180,180,virtualCLSmini_PV1/MMXU1.W.res,virtualCLSmini_PV1/MMXU1.W.res.cVal.mag.f,,disabled,,,1d1c5d10-ed26-41f6-8a3f-581f89b55e0a,False,False,"{'lower': -999999999, 'upper': 999999999}",,1,1,
181,181,virtualCLSmini_PV1/MMXU1.VAr.phsA,virtualCLSmini_PV1/MMXU1.VAr.phsA.cVal.mag.f,,disabled,,,cae2e379-7e44-4811-baca-02e5e4388611,False,False,"{'lower': -999999999, 'upper': 999999999}",,1,1,
182,182,virtualCLSmini_PV1/MMXU1.VAr.phsB,virtualCLSmini_PV1/MMXU1.VAr.phsB.cVal.mag.f,,disabled,,,38bc9359-6597-4245-ab53-3f28951ba21e,False,False,"{'lower': -999999999, 'upper': 999999999}",,1,1,
183,183,virtualCLSmini_PV1/MMXU1.VAr.phsC,virtualCLSmini_PV1/MMXU1.VAr.phsC.cVal.mag.f,,disabled,,,c6acd326-eba1-4859-bfdb-dcd6173aa3ee,False,False,"{'lower': -999999999, 'upper': 999999999}",,1,1,
184,184,virtualCLSmini_PV1/MMXU1.VAr.neut,virtualCLSmini_PV1/MMXU1.VAr.neut.cVal.mag.f,,disabled,,,dd3f84d3-7fb3-4176-8735-ebb35b80dc94,False,False,"{'lower': -999999999, 'upper': 999999999}",,1,1,
185,185,virtualCLSmini_PV1/MMXU1.VAr.net,virtualCLSmini_PV1/MMXU1.VAr.net.cVal.mag.f,,disabled,,,19406be1-76c9-4c64-9ba5-b8d6eda90ee7,False,False,"{'lower': -999999999, 'upper': 999999999}",,1,1,
186,186,virtualCLSmini_PV1/MMXU1.VAr.res,virtualCLSmini_PV1/MMXU1.VAr.res.cVal.mag.f,,disabled,,,8e4ffd70-b54c-45e8-ac46-5b573b57a2b5,False,False,"{'lower': -999999999, 'upper': 999999999}",,1,1,
187,187,virtualCLSmini_PV1/MMXU1.VA.phsA,virtualCLSmini_PV1/MMXU1.VA.phsA.cVal.mag.f,,disabled,,,41b90517-a7d9-4bf5-9ff7-29b6ee0cc05b,False,False,"{'lower': -999999999, 'upper': 999999999}",,1,1,
188,188,virtualCLSmini_PV1/MMXU1.VA.phsB,virtualCLSmini_PV1/MMXU1.VA.phsB.cVal.mag.f,,disabled,,,2c1ac1f2-b8b8-43c8-bcfb-0dd75424f99f,False,False,"{'lower': -999999999, 'upper': 999999999}",,1,1,
189,189,virtualCLSmini_PV1/MMXU1.VA.phsC,virtualCLSmini_PV1/MMXU1.VA.phsC.cVal.mag.f,,disabled,,,2c81168f-a730-4004-b42a-2b49ecedac23,False,False,"{'lower': -999999999, 'upper': 999999999}",,1,1,
190,190,virtualCLSmini_PV1/MMXU1.VA.neut,virtualCLSmini_PV1/MMXU1.VA.neut.cVal.mag.f,,disabled,,,6127eea9-6ca7-4d7a-8365-2aeeb2b82c23,False,False,"{'lower': -999999999, 'upper': 999999999}",,1,1,
191,191,virtualCLSmini_PV1/MMXU1.VA.net,virtualCLSmini_PV1/MMXU1.VA.net.cVal.mag.f,,disabled,,,7ab0c0c4-61d8-4ac2-b6b3-12918c042731,False,False,"{'lower': -999999999, 'upper': 999999999}",,1,1,
192,192,virtualCLSmini_PV1/MMXU1.VA.res,virtualCLSmini_PV1/MMXU1.VA.res.cVal.mag.f,,disabled,,,97aa5ac2-911a-4beb-924f-969b6b611286,False,False,"{'lower': -999999999, 'upper': 999999999}",,1,1,
193,193,virtualCLSmini_PV1/MMXU1.PF.phsA,virtualCLSmini_PV1/MMXU1.PF.phsA.cVal.mag.f,,disabled,,,6466b9aa-e171-41f9-9e71-fc1c9d4c50b7,False,False,"{'lower': -999999999, 'upper': 999999999}",,1,1,
194,194,virtualCLSmini_PV1/MMXU1.PF.phsB,virtualCLSmini_PV1/MMXU1.PF.phsB.cVal.mag.f,,disabled,,,6685409e-fc4c-4e57-9303-bd396c3a0e0a,False,False,"{'lower': -999999999, 'upper': 999999999}",,1,1,
195,195,virtualCLSmini_PV1/MMXU1.PF.phsC,virtualCLSmini_PV1/MMXU1.PF.phsC.cVal.mag.f,,disabled,,,076e640e-3580-46e2-a5ef-e05f8160dbcb,False,False,"{'lower': -999999999, 'upper': 999999999}",,1,1,
196,196,virtualCLSmini_PV1/MMXU1.PF.neut,virtualCLSmini_PV1/MMXU1.PF.neut.cVal.mag.f,,disabled,,,249363e1-2fc6-4e56-819f-f30d075bfce5,False,False,"{'lower': -999999999, 'upper': 999999999}",,1,1,
197,197,virtualCLSmini_PV1/MMXU1.PF.net,virtualCLSmini_PV1/MMXU1.PF.net.cVal.mag.f,,disabled,,,75ef32d1-baa6-4f50-af7c-e0d96a15d59a,False,False,"{'lower': -999999999, 'upper': 999999999}",,1,1,
198,198,virtualCLSmini_PV1/MMXU1.PF.res,virtualCLSmini_PV1/MMXU1.PF.res.cVal.mag.f,,disabled,,,1a3373e0-e72d-4fca-9a5e-c5714fbbcf58,False,False,"{'lower': -999999999, 'upper': 999999999}",,1,1,
199,199,virtualCLSmini_PV1/MMXU1.Z.phsA,virtualCLSmini_PV1/MMXU1.Z.phsA.cVal.mag.f,,disabled,,,06955b18-dd36-410a-a72c-897eee50cd10,False,False,"{'lower': -999999999, 'upper': 999999999}",,1,1,
200,200,virtualCLSmini_PV1/MMXU1.Z.phsB,virtualCLSmini_PV1/MMXU1.Z.phsB.cVal.mag.f,,disabled,,,0155c595-41d7-47d8-b294-472d4867d335,False,False,"{'lower': -999999999, 'upper': 999999999}",,1,1,
201,201,virtualCLSmini_PV1/MMXU1.Z.phsC,virtualCLSmini_PV1/MMXU1.Z.phsC.cVal.mag.f,,disabled,,,0c6f0f0f-e918-43db-803f-a2c266f76a9a,False,False,"{'lower': -999999999, 'upper': 999999999}",,1,1,
202,202,virtualCLSmini_PV1/MMXU1.Z.neut,virtualCLSmini_PV1/MMXU1.Z.neut.cVal.mag.f,,disabled,,,99c211a9-05f3-4751-ad15-bc23fee628a4,False,False,"{'lower': -999999999, 'upper': 999999999}",,1,1,
203,203,virtualCLSmini_PV1/MMXU1.Z.net,virtualCLSmini_PV1/MMXU1.Z.net.cVal.mag.f,,disabled,,,daf84fcb-563d-4dab-a053-0c4967bca6e1,False,False,"{'lower': -999999999, 'upper': 999999999}",,1,1,
204,204,virtualCLSmini_PV1/MMXU1.Z.res,virtualCLSmini_PV1/MMXU1.Z.res.cVal.mag.f,,disabled,,,d8919398-78e6-4d02-9156-0d5f9ea17bcc,False,False,"{'lower': -999999999, 'upper': 999999999}",,1,1,
205,205,virtualCLSmini_PV1/MMXU1.AvAPhs,virtualCLSmini_PV1/MMXU1.AvAPhs.mag.f,,disabled,,,dcd540bc-559a-466d-a459-fb0528c1bd20,False,False,"{'lower': -999999999, 'upper': 999999999}",,1,1,
206,206,virtualCLSmini_PV1/MMXU1.AvPPVPhs,virtualCLSmini_PV1/MMXU1.AvPPVPhs.mag.f,,disabled,,,72c6035f-f9e4-47b5-8bd5-7e2b8527929c,False,False,"{'lower': -999999999, 'upper': 999999999}",,1,1,
207,207,virtualCLSmini_PV1/MMXU1.AvPhVPhs,virtualCLSmini_PV1/MMXU1.AvPhVPhs.mag.f,,disabled,,,0fcc6824-b02d-4ff7-96dd-c4270faa9911,False,False,"{'lower': -999999999, 'upper': 999999999}",,1,1,
208,208,virtualCLSmini_PV1/MMXU1.AvWPhs,virtualCLSmini_PV1/MMXU1.AvWPhs.mag.f,,disabled,,,6b86cc27-e471-4d73-b218-c4419720ea43,False,False,"{'lower': -999999999, 'upper': 999999999}",,1,1,
209,209,virtualCLSmini_PV1/MMXU1.AvVAPhs,virtualCLSmini_PV1/MMXU1.AvVAPhs.mag.f,,disabled,,,481063ab-464e-439e-860c-b12ac71b0eb5,False,False,"{'lower': -999999999, 'upper': 999999999}",,1,1,
210,210,virtualCLSmini_PV1/MMXU1.AvVArPhs,virtualCLSmini_PV1/MMXU1.AvVArPhs.mag.f,,disabled,,,decfe2b1-2cff-42d6-907d-7b135f877cc1,False,False,"{'lower': -999999999, 'upper': 999999999}",,1,1,
211,211,virtualCLSmini_PV1/MMXU1.AvPFPhs,virtualCLSmini_PV1/MMXU1.AvPFPhs.mag.f,,disabled,,,60421097-cd61-4975-99e3-27449c17fb1c,False,False,"{'lower': -999999999, 'upper': 999999999}",,1,1,
212,212,virtualCLSmini_PV1/MMXU1.AvZPhs,virtualCLSmini_PV1/MMXU1.AvZPhs.mag.f,,disabled,,,84d9fc6c-537d-4bee-b998-1abb613f3d7b,False,False,"{'lower': -999999999, 'upper': 999999999}",,1,1,
213,213,virtualCLSmini_PV1/MMXU1.MaxAPhs,virtualCLSmini_PV1/MMXU1.MaxAPhs.mag.f,,disabled,,,cdb5c771-76f0-4853-86a7-5b5a83244090,False,False,"{'lower': -999999999, 'upper': 999999999}",,1,1,
214,214,virtualCLSmini_PV1/MMXU1.MaxPPVPhs,virtualCLSmini_PV1/MMXU1.MaxPPVPhs.mag.f,,disabled,,,1c0d06d7-729d-4f0f-a6c8-290944523383,False,False,"{'lower': -999999999, 'upper': 999999999}",,1,1,
215,215,virtualCLSmini_PV1/MMXU1.MaxPhVPhs,virtualCLSmini_PV1/MMXU1.MaxPhVPhs.mag.f,,disabled,,,2f0d1954-611e-40d8-9cab-57fc5fcb7a85,False,False,"{'lower': -999999999, 'upper': 999999999}",,1,1,
216,216,virtualCLSmini_PV1/MMXU1.MaxWPhs,virtualCLSmini_PV1/MMXU1.MaxWPhs.mag.f,,disabled,,,cea9ef79-f35c-4d84-9e2e-cf519b8cf483,False,False,"{'lower': -999999999, 'upper': 999999999}",,1,1,
217,217,virtualCLSmini_PV1/MMXU1.MaxVAPhs,virtualCLSmini_PV1/MMXU1.MaxVAPhs.mag.f,,disabled,,,d599b5c9-61f0-48c2-995a-6f6538ff3388,False,False,"{'lower': -999999999, 'upper': 999999999}",,1,1,
218,218,virtualCLSmini_PV1/MMXU1.MaxVArPhs,virtualCLSmini_PV1/MMXU1.MaxVArPhs.mag.f,,disabled,,,aad93c7c-f98d-4564-bd21-d67678546d55,False,False,"{'lower': -999999999, 'upper': 999999999}",,1,1,
219,219,virtualCLSmini_PV1/MMXU1.MaxPFPhs,virtualCLSmini_PV1/MMXU1.MaxPFPhs.mag.f,,disabled,,,d19b29c1-57a0-4508-a4b4-50398aad5bf6,False,False,"{'lower': -999999999, 'upper': 999999999}",,1,1,
220,220,virtualCLSmini_PV1/MMXU1.MaxZPhs,virtualCLSmini_PV1/MMXU1.MaxZPhs.mag.f,,disabled,,,27793981-7d9f-4a3e-a605-2363a95180f3,False,False,"{'lower': -999999999, 'upper': 999999999}",,1,1,
221,221,virtualCLSmini_PV1/MMXU1.MinAPhs,virtualCLSmini_PV1/MMXU1.MinAPhs.mag.f,,disabled,,,5b2cb421-bd91-493f-b9b5-6b0425523666,False,False,"{'lower': -999999999, 'upper': 999999999}",,1,1,
222,222,virtualCLSmini_PV1/MMXU1.MinPPVPhs,virtualCLSmini_PV1/MMXU1.MinPPVPhs.mag.f,,disabled,,,a91cd06c-ef6a-431a-9193-7abcfc4950bd,False,False,"{'lower': -999999999, 'upper': 999999999}",,1,1,
223,223,virtualCLSmini_PV1/MMXU1.MinPhVPhs,virtualCLSmini_PV1/MMXU1.MinPhVPhs.mag.f,,disabled,,,7ad9caa0-62e0-4be3-9c13-075369fde573,False,False,"{'lower': -999999999, 'upper': 999999999}",,1,1,
224,224,virtualCLSmini_PV1/MMXU1.MinWPhs,virtualCLSmini_PV1/MMXU1.MinWPhs.mag.f,,disabled,,,60d4da7c-ee4a-490c-b48e-1262522d4d73,False,False,"{'lower': -999999999, 'upper': 999999999}",,1,1,
225,225,virtualCLSmini_PV1/MMXU1.MinVAPhs,virtualCLSmini_PV1/MMXU1.MinVAPhs.mag.f,,disabled,,,02929317-6e96-41db-a1e5-1a257b2388d5,False,False,"{'lower': -999999999, 'upper': 999999999}",,1,1,
226,226,virtualCLSmini_PV1/MMXU1.MinVArPhs,virtualCLSmini_PV1/MMXU1.MinVArPhs.mag.f,,disabled,,,1ac15c99-5123-46c1-8d84-43c914857805,False,False,"{'lower': -999999999, 'upper': 999999999}",,1,1,
227,227,virtualCLSmini_PV1/MMXU1.MinPFPhs,virtualCLSmini_PV1/MMXU1.MinPFPhs.mag.f,,disabled,,,4cb2df31-ec9e-43c0-a5fe-6bf8ac328725,False,False,"{'lower': -999999999, 'upper': 999999999}",,1,1,
228,228,virtualCLSmini_PV1/MMXU1.MinZPhs,virtualCLSmini_PV1/MMXU1.MinZPhs.mag.f,,disabled,,,a2ca92c3-c9ae-4365-b588-8719a253b66a,False,False,"{'lower': -999999999, 'upper': 999999999}",,1,1,
229,229,virtualCLSmini_PV1/MMXU1.HzRte,virtualCLSmini_PV1/MMXU1.HzRte.mag.f,,disabled,,,d899b1be-48c0-4092-b19b-5612f4d3ffb0,False,False,"{'lower': -999999999, 'upper': 999999999}",,1,1,
230,230,virtualCLSmini_PV1/MMXU1.Mod,virtualCLSmini_PV1/MMXU1.Mod.stVal,virtualCLSmini_PV1/MMXU1.Mod.ctlVal,disabled,,,e16d7cb1-3f2e-439d-8058-32630eaea6e2,False,False,"{'lower': -999999999, 'upper': 999999999}",,1,1,
231,231,virtualCLSmini_PV1/DCCT1.NamPlt,,,disabled,,,6c9f156a-513b-4dfc-9b53-ddf245273424,False,False,"{'lower': -999999999, 'upper': 999999999}",,1,1,
232,232,virtualCLSmini_PV1/DCCT1.Beh,virtualCLSmini_PV1/DCCT1.Beh.stVal,,disabled,,,41c96dc2-5a10-46db-a6b5-73b91be92004,False,False,"{'lower': -999999999, 'upper': 999999999}",,1,1,
233,233,virtualCLSmini_PV1/DCCT1.Health,virtualCLSmini_PV1/DCCT1.Health.stVal,,disabled,,,eab60647-2f14-4433-a24c-682ca0b51f0d,False,False,"{'lower': -999999999, 'upper': 999999999}",,1,1,
234,234,virtualCLSmini_PV1/DCCT1.OpCost,virtualCLSmini_PV1/DCCT1.OpCost.setMag.f,virtualCLSmini_PV1/DCCT1.OpCost.setMag.f,disabled,,,a58936dc-d1ae-448c-bf57-d1c8b3a785b0,False,False,"{'lower': -999999999, 'upper': 999999999}",,1,1,
235,235,virtualCLSmini_PV1/DCCT1.OpWhCost,virtualCLSmini_PV1/DCCT1.OpWhCost.setMag.f,virtualCLSmini_PV1/DCCT1.OpWhCost.setMag.f,disabled,,,4eee88e4-449c-44f2-a505-1bc96887b137,False,False,"{'lower': -999999999, 'upper': 999999999}",,1,1,
236,236,virtualCLSmini_PV1/DCCT1.StrCost,virtualCLSmini_PV1/DCCT1.StrCost.setMag.f,virtualCLSmini_PV1/DCCT1.StrCost.setMag.f,disabled,,,dcc69adc-6f45-4b97-a72f-ba3dc7254e82,False,False,"{'lower': -999999999, 'upper': 999999999}",,1,1,
237,237,virtualCLSmini_PV1/DCCT1.StopCost,virtualCLSmini_PV1/DCCT1.StopCost.setMag.f,virtualCLSmini_PV1/DCCT1.StopCost.setMag.f,disabled,,,ae2ac5b2-a1ba-4792-ab31-c2e40949aeae,False,False,"{'lower': -999999999, 'upper': 999999999}",,1,1,
238,238,virtualCLSmini_PV1/DCCT1.RampCost,virtualCLSmini_PV1/DCCT1.RampCost.setMag.f,virtualCLSmini_PV1/DCCT1.RampCost.setMag.f,disabled,,,a4a49334-e6b7-4099-8225-0f99a46b9b89,False,False,"{'lower': -999999999, 'upper': 999999999}",,1,1,
239,239,virtualCLSmini_PV1/DCCT1.Mod,virtualCLSmini_PV1/DCCT1.Mod.stVal,virtualCLSmini_PV1/DCCT1.Mod.ctlVal,disabled,,,9a82e47e-07cc-49a3-993a-2c017033f3b2,False,False,"{'lower': -999999999, 'upper': 999999999}",,1,1,
