index,mmsAddress,monitorDA,controlDA,dataSource,configJSON,connObject,GUID,isMonitor,isControl,limit,valueRated,unitFactor,scaleFactor,unit
0,demoAutoGenCLS_PV1/LLN0.NamPlt,,,disabled,,,32c5aa42-4c4c-4fee-afe2-10ae84ae1e83,False,False,"(-999999999, 999999999)",,1,1,
1,demoAutoGenCLS_PV1/LLN0.Beh,demoAutoGenCLS_PV1/LLN0.Beh.stVal,,disabled,,,19842112-5cd1-4791-9f2c-760a7338d0ad,False,False,"(-999999999, 999999999)",,1,1,
2,demoAutoGenCLS_PV1/LLN0.Health,demoAutoGenCLS_PV1/LLN0.Health.stVal,,disabled,,,0dc21c2c-a382-4fcb-84ca-6c88cb25c0ca,False,False,"(-999999999, 999999999)",,1,1,
3,demoAutoGenCLS_PV1/LLN0.LocKey,demoAutoGenCLS_PV1/LLN0.LocKey.stVal,,disabled,,,eb37b8d5-863b-4da1-9c80-fe2abb927f7c,False,False,"(-999999999, 999999999)",,1,1,
4,demoAutoGenCLS_PV1/LLN0.Loc,demoAutoGenCLS_PV1/LLN0.Loc.stVal,,disabled,,,bc23feaf-119a-4f9c-aa7c-b52382f12dae,False,False,"(-999999999, 999999999)",,1,1,
5,demoAutoGenCLS_PV1/LLN0.Mod,demoAutoGenCLS_PV1/LLN0.Mod.stVal,demoAutoGenCLS_PV1/LLN0.Mod.ctlVal,disabled,,,056b2485-9f36-42e3-82a4-630aa6aeca2f,False,False,"(-999999999, 999999999)",,1,1,
6,demoAutoGenCLS_PV1/LLN0.LocSta,demoAutoGenCLS_PV1/LLN0.LocSta.stVal,demoAutoGenCLS_PV1/LLN0.LocSta.ctlVal,disabled,,,433045c0-7f29-48e6-9751-755afe815166,False,False,"(-999999999, 999999999)",,1,1,
7,demoAutoGenCLS_PV1/LLN0.MltLev,demoAutoGenCLS_PV1/LLN0.MltLev.setVal,demoAutoGenCLS_PV1/LLN0.MltLev.setVal,disabled,,,1653be03-8ea9-499c-bc3c-71dcc0cca856,False,False,"(-999999999, 999999999)",,1,1,
8,demoAutoGenCLS_PV1/DGEN1.EEName,,,disabled,,,cfee6eb4-693a-45c6-8ad0-a2f21e3046e7,False,False,"(-999999999, 999999999)",,1,1,
9,demoAutoGenCLS_PV1/DGEN1.NamPlt,,,disabled,,,7069cc12-099f-43de-81f3-08f33cb54a2d,False,False,"(-999999999, 999999999)",,1,1,
10,demoAutoGenCLS_PV1/DGEN1.Beh,demoAutoGenCLS_PV1/DGEN1.Beh.stVal,,disabled,,,62ed8bae-c944-4caf-a395-61fcbea8cd70,False,False,"(-999999999, 999999999)",,1,1,
11,demoAutoGenCLS_PV1/DGEN1.Health,demoAutoGenCLS_PV1/DGEN1.Health.stVal,,disabled,,,4b06200c-344c-4b50-b2db-b3f1d4266dcf,False,False,"(-999999999, 999999999)",,1,1,
12,demoAutoGenCLS_PV1/DGEN1.LocKey,demoAutoGenCLS_PV1/DGEN1.LocKey.stVal,,disabled,,,c40c5bb5-88a3-49f3-9105-13ccbd5a5ad2,False,False,"(-999999999, 999999999)",,1,1,
13,demoAutoGenCLS_PV1/DGEN1.Loc,demoAutoGenCLS_PV1/DGEN1.Loc.stVal,,disabled,,,b1728054-b3f3-40a3-81d6-f012de436e6f,False,False,"(-999999999, 999999999)",,1,1,
14,demoAutoGenCLS_PV1/DGEN1.GnSynSt,demoAutoGenCLS_PV1/DGEN1.GnSynSt.stVal,,disabled,,,43523172-625d-499c-b896-b1d5eac68839,False,False,"(-999999999, 999999999)",,1,1,
15,demoAutoGenCLS_PV1/DGEN1.DEROpSt,demoAutoGenCLS_PV1/DGEN1.DEROpSt.stVal,,disabled,,,9db1cc05-2525-4f83-bba4-b725adaefef5,False,False,"(-999999999, 999999999)",,1,1,
16,demoAutoGenCLS_PV1/DGEN1.OpTmh,demoAutoGenCLS_PV1/DGEN1.OpTmh.stVal,,disabled,,,4712067f-c740-4d8c-ac53-86201678aa05,False,False,"(-999999999, 999999999)",,1,1,
17,demoAutoGenCLS_PV1/DGEN1.EEHealth,demoAutoGenCLS_PV1/DGEN1.EEHealth.stVal,,disabled,,,382a4829-e48c-4188-8af8-0537f03eb92f,False,False,"(-999999999, 999999999)",,1,1,
18,demoAutoGenCLS_PV1/DGEN1.CnstWMax,demoAutoGenCLS_PV1/DGEN1.CnstWMax.mag.f,,disabled,,,1d0052c0-f175-4fff-a9b1-b52534a956c2,False,False,"(-999999999, 999999999)",,1,1,
19,demoAutoGenCLS_PV1/DGEN1.GnEnTot,demoAutoGenCLS_PV1/DGEN1.GnEnTot.mag.f,,sunspec,"{'ipaddr': '192.168.170.87', 'slave_id': 126, 'port': 502}",<sunspec2.modbus.client.SunSpecModbusClientDeviceTCP object at 0x000001BF4130EF10>,f75ecfb4-f99d-4699-88ed-f8697078393b,True,False,"(-999999999, 999999999)",,1,1,
20,demoAutoGenCLS_PV1/DGEN1.GnEnPer,demoAutoGenCLS_PV1/DGEN1.GnEnPer.mag.f,,sunspec,"{'ipaddr': '192.168.170.87', 'slave_id': 126, 'port': 502}",<sunspec2.modbus.client.SunSpecModbusClientDeviceTCP object at 0x000001BF4130EF10>,77c1c85f-7d16-4240-9f9e-e48f5e7ecf87,True,False,"(-999999999, 999999999)",,1,1,
21,demoAutoGenCLS_PV1/DGEN1.RenWPct,demoAutoGenCLS_PV1/DGEN1.RenWPct.mag.f,,disabled,,,0c9b3dba-6ba4-4a86-ae39-56fe8d97c3d3,False,False,"(-999999999, 999999999)",,1,1,
22,demoAutoGenCLS_PV1/DGEN1.RenVArPct,demoAutoGenCLS_PV1/DGEN1.RenVArPct.mag.f,,disabled,,,9d635efd-ca6f-4bb9-b9f0-ad32f4bb6914,False,False,"(-999999999, 999999999)",,1,1,
23,demoAutoGenCLS_PV1/DGEN1.VArTot,demoAutoGenCLS_PV1/DGEN1.VArTot.mag.f,,disabled,,,75197f5a-94ce-4c1f-a925-d15f61041e79,False,False,"(-999999999, 999999999)",,1,1,
24,demoAutoGenCLS_PV1/DGEN1.AvarTot,demoAutoGenCLS_PV1/DGEN1.AvarTot.mag.f,,sunspec,"{'ipaddr': '192.168.170.87', 'slave_id': 126, 'port': 502}",<sunspec2.modbus.client.SunSpecModbusClientDeviceTCP object at 0x000001BF4130EF10>,1a629ea5-b847-4b0d-8311-50fcf43af6f6,True,False,"(-999999999, 999999999)",,1,1,
25,demoAutoGenCLS_PV1/DGEN1.IvarTot,demoAutoGenCLS_PV1/DGEN1.IvarTot.mag.f,,sunspec,"{'ipaddr': '192.168.170.87', 'slave_id': 126, 'port': 502}",<sunspec2.modbus.client.SunSpecModbusClientDeviceTCP object at 0x000001BF4130EF10>,4b325445-c96a-4ee7-9cb0-7cb56a7483c0,True,False,"(-999999999, 999999999)",,1,1,
26,demoAutoGenCLS_PV1/DGEN1.VArAvl,demoAutoGenCLS_PV1/DGEN1.VArAvl.mag.f,,disabled,,,2f303d33-5788-47f4-8cd8-b709155812fb,False,False,"(-999999999, 999999999)",,1,1,
27,demoAutoGenCLS_PV1/DGEN1.AvarAvl,demoAutoGenCLS_PV1/DGEN1.AvarAvl.mag.f,,sunspec,"{'ipaddr': '192.168.170.87', 'slave_id': 126, 'port': 502}",<sunspec2.modbus.client.SunSpecModbusClientDeviceTCP object at 0x000001BF4130EF10>,f1fc95b6-53f6-4831-918d-c620d3ca9029,True,False,"(-999999999, 999999999)",,1,1,
28,demoAutoGenCLS_PV1/DGEN1.IvarAvl,demoAutoGenCLS_PV1/DGEN1.IvarAvl.mag.f,,disabled,,,f5e1fe28-2914-49b7-845a-e61f1eeb397c,False,False,"(-999999999, 999999999)",,1,1,
29,demoAutoGenCLS_PV1/DGEN1.SelfSvcWh,demoAutoGenCLS_PV1/DGEN1.SelfSvcWh.mag.f,,disabled,,,3eab288e-c62b-49e1-9bd1-89e3257cea17,False,False,"(-999999999, 999999999)",,1,1,
30,demoAutoGenCLS_PV1/DGEN1.VAPct,demoAutoGenCLS_PV1/DGEN1.VAPct.mag.f,,disabled,,,2cc1d0eb-3762-4b28-8bc8-f2d9d914e049,False,False,"(-999999999, 999999999)",,1,1,
31,demoAutoGenCLS_PV1/DGEN1.AvlUpW,demoAutoGenCLS_PV1/DGEN1.AvlUpW.mag.f,,sunspec,"{'ipaddr': '192.168.170.87', 'slave_id': 126, 'port': 502}",<sunspec2.modbus.client.SunSpecModbusClientDeviceTCP object at 0x000001BF4130EF10>,1408a1d2-ccbd-4b79-b9b1-07dbab0ba567,True,False,"(-999999999, 999999999)",,1,1,
32,demoAutoGenCLS_PV1/DGEN1.AvlDnW,demoAutoGenCLS_PV1/DGEN1.AvlDnW.mag.f,,disabled,,,3ed9320c-84a9-483f-9288-b78b23ed333e,False,False,"(-999999999, 999999999)",,1,1,
33,demoAutoGenCLS_PV1/DGEN1.Mod,demoAutoGenCLS_PV1/DGEN1.Mod.stVal,demoAutoGenCLS_PV1/DGEN1.Mod.ctlVal,disabled,,,2bebb3b0-e165-4243-851b-57fb85bba357,False,False,"(-999999999, 999999999)",,1,1,
34,demoAutoGenCLS_PV1/DGEN1.LocSta,demoAutoGenCLS_PV1/DGEN1.LocSta.stVal,demoAutoGenCLS_PV1/DGEN1.LocSta.ctlVal,disabled,,,37cf474d-7bc3-4211-a6f7-29bbd41e26c5,False,False,"(-999999999, 999999999)",,1,1,
35,demoAutoGenCLS_PV1/DGEN1.GnOnCnt,demoAutoGenCLS_PV1/DGEN1.GnOnCnt.stVal,demoAutoGenCLS_PV1/DGEN1.GnOnCnt.ctlVal,disabled,,,75362392-39b7-4b57-a42c-7b9fc38eb29d,False,False,"(-999999999, 999999999)",,1,1,
36,demoAutoGenCLS_PV1/DGEN1.TotStrCnt,demoAutoGenCLS_PV1/DGEN1.TotStrCnt.stVal,demoAutoGenCLS_PV1/DGEN1.TotStrCnt.ctlVal,disabled,,,55f87814-85cb-46bf-ae95-4278c9644efa,False,False,"(-999999999, 999999999)",,1,1,
37,demoAutoGenCLS_PV1/DGEN1.PerStrCnt,demoAutoGenCLS_PV1/DGEN1.PerStrCnt.stVal,demoAutoGenCLS_PV1/DGEN1.PerStrCnt.ctlVal,disabled,,,9ae35ebb-eab0-4279-b247-00ea56d61b05,False,False,"(-999999999, 999999999)",,1,1,
38,demoAutoGenCLS_PV1/DGEN1.OpTms,demoAutoGenCLS_PV1/DGEN1.OpTms.stVal,demoAutoGenCLS_PV1/DGEN1.OpTms.ctlVal,disabled,,,83b320c8-f133-4f90-842b-a8dc64479f25,False,False,"(-999999999, 999999999)",,1,1,
39,demoAutoGenCLS_PV1/DGEN1.GnEnPerRs,demoAutoGenCLS_PV1/DGEN1.GnEnPerRs.stVal,demoAutoGenCLS_PV1/DGEN1.GnEnPerRs.ctlVal,disabled,,,21bcd9af-b9b0-40af-8cc0-7ba213d53e2c,False,False,"(-999999999, 999999999)",,1,1,
40,demoAutoGenCLS_PV1/DGEN1.DEROpStCtl,demoAutoGenCLS_PV1/DGEN1.DEROpStCtl.stVal,demoAutoGenCLS_PV1/DGEN1.DEROpStCtl.ctlVal,disabled,,,1b49c4c7-9bbb-4027-97b3-fe37923c5ad0,False,False,"(-999999999, 999999999)",,1,1,
41,demoAutoGenCLS_PV1/DGEN1.WSpt,demoAutoGenCLS_PV1/DGEN1.WSpt.mxVal.f,demoAutoGenCLS_PV1/DGEN1.WSpt.ctlVal.f,disabled,,,9c0313bd-3c4f-466f-895d-2392ab91b43c,False,False,"(-999999999, 999999999)",,1,1,
42,demoAutoGenCLS_PV1/DGEN1.VArSpt,demoAutoGenCLS_PV1/DGEN1.VArSpt.mxVal.f,demoAutoGenCLS_PV1/DGEN1.VArSpt.ctlVal.f,disabled,,,10c6730b-9571-4438-8588-f876a09049d4,False,False,"(-999999999, 999999999)",,1,1,
43,demoAutoGenCLS_PV1/DGEN1.OutWSet,demoAutoGenCLS_PV1/DGEN1.OutWSet.setMag.f,demoAutoGenCLS_PV1/DGEN1.OutWSet.setMag.f,sunspec,"{'ipaddr': '192.168.170.87', 'slave_id': 126, 'port': 502}",<sunspec2.modbus.client.SunSpecModbusClientDeviceTCP object at 0x000001BF4130EF10>,be5b106b-1bf9-4513-910c-8da9c25844bf,True,False,"(-999999999, 999999999)",,1,0.01,
44,demoAutoGenCLS_PV1/DGEN1.OutVarSet,demoAutoGenCLS_PV1/DGEN1.OutVarSet.setMag.f,demoAutoGenCLS_PV1/DGEN1.OutVarSet.setMag.f,disabled,,,bf6ca5aa-cd5f-4cfa-90b4-b5cf9396ebd7,False,False,"(-999999999, 999999999)",,1,1,
45,demoAutoGenCLS_PV1/DGEN1.OpCntRs,demoAutoGenCLS_PV1/DGEN1.OpCntRs.stVal,demoAutoGenCLS_PV1/DGEN1.OpCntRs.ctlVal,disabled,,,479da5f7-8c5b-4111-a7a5-fea8d9d297b3,False,False,"(-999999999, 999999999)",,1,1,
46,demoAutoGenCLS_PV1/DGEN1.WMaxRtg,demoAutoGenCLS_PV1/DGEN1.WMaxRtg.setMag.f,demoAutoGenCLS_PV1/DGEN1.WMaxRtg.setMag.f,sunspec,"{'ipaddr': '192.168.170.87', 'slave_id': 126, 'port': 502}",<sunspec2.modbus.client.SunSpecModbusClientDeviceTCP object at 0x000001BF4130EF10>,56ef04db-a018-4886-8a66-5defcb7a98d7,True,False,"(-999999999, 999999999)",,1,1,
47,demoAutoGenCLS_PV1/DGEN1.VAMaxRtg,demoAutoGenCLS_PV1/DGEN1.VAMaxRtg.setMag.f,demoAutoGenCLS_PV1/DGEN1.VAMaxRtg.setMag.f,sunspec,"{'ipaddr': '192.168.170.87', 'slave_id': 126, 'port': 502}",<sunspec2.modbus.client.SunSpecModbusClientDeviceTCP object at 0x000001BF4130EF10>,6ca771e4-f5c4-4fa7-b19b-ee9e99157ec0,True,False,"(-999999999, 999999999)",,1,1,
48,demoAutoGenCLS_PV1/DGEN1.VArMaxRtg,demoAutoGenCLS_PV1/DGEN1.VArMaxRtg.setMag.f,demoAutoGenCLS_PV1/DGEN1.VArMaxRtg.setMag.f,disabled,,,d9d3916d-2246-470f-898c-8530437c9628,False,False,"(-999999999, 999999999)",,1,1,
49,demoAutoGenCLS_PV1/DGEN1.AvarMaxRtg,demoAutoGenCLS_PV1/DGEN1.AvarMaxRtg.setMag.f,demoAutoGenCLS_PV1/DGEN1.AvarMaxRtg.setMag.f,sunspec,"{'ipaddr': '192.168.170.87', 'slave_id': 126, 'port': 502}",<sunspec2.modbus.client.SunSpecModbusClientDeviceTCP object at 0x000001BF4130EF10>,a5c7060d-f3b6-469c-aea1-d721813a32e0,True,False,"(-999999999, 999999999)",,1,1,
50,demoAutoGenCLS_PV1/DGEN1.IvarMaxRtg,demoAutoGenCLS_PV1/DGEN1.IvarMaxRtg.setMag.f,demoAutoGenCLS_PV1/DGEN1.IvarMaxRtg.setMag.f,sunspec,"{'ipaddr': '192.168.170.87', 'slave_id': 126, 'port': 502}",<sunspec2.modbus.client.SunSpecModbusClientDeviceTCP object at 0x000001BF4130EF10>,1d050b79-abe8-45a8-a8c9-436090ce8c24,True,False,"(-999999999, 999999999)",,1,1,
51,demoAutoGenCLS_PV1/DGEN1.AMaxRtg,demoAutoGenCLS_PV1/DGEN1.AMaxRtg.setMag.f,demoAutoGenCLS_PV1/DGEN1.AMaxRtg.setMag.f,sunspec,"{'ipaddr': '192.168.170.87', 'slave_id': 126, 'port': 502}",<sunspec2.modbus.client.SunSpecModbusClientDeviceTCP object at 0x000001BF4130EF10>,571a9065-82eb-42ea-9a29-f89c10056911,True,False,"(-999999999, 999999999)",,1,1,
52,demoAutoGenCLS_PV1/DGEN1.VMaxRtg,demoAutoGenCLS_PV1/DGEN1.VMaxRtg.setMag.f,demoAutoGenCLS_PV1/DGEN1.VMaxRtg.setMag.f,sunspec,"{'ipaddr': '192.168.170.87', 'slave_id': 126, 'port': 502}",<sunspec2.modbus.client.SunSpecModbusClientDeviceTCP object at 0x000001BF4130EF10>,df0f1c75-cdef-4bad-8659-2667bf42692d,True,False,"(-999999999, 999999999)",,1,1,
53,demoAutoGenCLS_PV1/DGEN1.VMinRtg,demoAutoGenCLS_PV1/DGEN1.VMinRtg.setMag.f,demoAutoGenCLS_PV1/DGEN1.VMinRtg.setMag.f,sunspec,"{'ipaddr': '192.168.170.87', 'slave_id': 126, 'port': 502}",<sunspec2.modbus.client.SunSpecModbusClientDeviceTCP object at 0x000001BF4130EF10>,6cb5ec8b-942d-40f7-94a9-aab28bb59a0a,True,False,"(-999999999, 999999999)",,1,1,
54,demoAutoGenCLS_PV1/DGEN1.WRpuMaxRtg,demoAutoGenCLS_PV1/DGEN1.WRpuMaxRtg.setMag.f,demoAutoGenCLS_PV1/DGEN1.WRpuMaxRtg.setMag.f,disabled,,,d7dcf6ce-f5f2-41f0-bbe2-82047eebdaad,False,False,"(-999999999, 999999999)",,1,1,
55,demoAutoGenCLS_PV1/DGEN1.WRpdMaxRtg,demoAutoGenCLS_PV1/DGEN1.WRpdMaxRtg.setMag.f,demoAutoGenCLS_PV1/DGEN1.WRpdMaxRtg.setMag.f,disabled,,,6dad9acd-d8c2-411c-bb2b-22451061ba89,False,False,"(-999999999, 999999999)",,1,1,
56,demoAutoGenCLS_PV1/DGEN1.CtbWMaxRtg,demoAutoGenCLS_PV1/DGEN1.CtbWMaxRtg.setMag.f,demoAutoGenCLS_PV1/DGEN1.CtbWMaxRtg.setMag.f,disabled,,,d354ec0d-e827-44a7-9a45-355abb9fb881,False,False,"(-999999999, 999999999)",,1,1,
57,demoAutoGenCLS_PV1/DGEN1.CtbVArMaxRtg,demoAutoGenCLS_PV1/DGEN1.CtbVArMaxRtg.setMag.f,demoAutoGenCLS_PV1/DGEN1.CtbVArMaxRtg.setMag.f,disabled,,,dc4c62df-7e98-4912-900d-a16ac75a97de,False,False,"(-999999999, 999999999)",,1,1,
58,demoAutoGenCLS_PV1/DGEN1.WMax,demoAutoGenCLS_PV1/DGEN1.WMax.setMag.f,demoAutoGenCLS_PV1/DGEN1.WMax.setMag.f,sunspec,"{'ipaddr': '192.168.170.87', 'slave_id': 126, 'port': 502}",<sunspec2.modbus.client.SunSpecModbusClientDeviceTCP object at 0x000001BF4130EF10>,c2d827c1-1307-4385-b6f8-0500dedf128f,True,False,"(-999999999, 999999999)",,1,1,
59,demoAutoGenCLS_PV1/DGEN1.WRmp,demoAutoGenCLS_PV1/DGEN1.WRmp.setMag.f,demoAutoGenCLS_PV1/DGEN1.WRmp.setMag.f,sunspec,"{'ipaddr': '192.168.170.87', 'slave_id': 126, 'port': 502}",<sunspec2.modbus.client.SunSpecModbusClientDeviceTCP object at 0x000001BF4130EF10>,615e24f8-36df-45ab-8ac4-30e335def895,True,False,"(-999999999, 999999999)",,1,1,
60,demoAutoGenCLS_PV1/DGEN1.VArMax,demoAutoGenCLS_PV1/DGEN1.VArMax.setMag.f,demoAutoGenCLS_PV1/DGEN1.VArMax.setMag.f,sunspec,"{'ipaddr': '192.168.170.87', 'slave_id': 126, 'port': 502}",<sunspec2.modbus.client.SunSpecModbusClientDeviceTCP object at 0x000001BF4130EF10>,9b8731cd-4923-4f41-bb5a-802b8dfd58b9,True,False,"(-999999999, 999999999)",,1,0.01,
61,demoAutoGenCLS_PV1/DGEN1.AvarMax,demoAutoGenCLS_PV1/DGEN1.AvarMax.setMag.f,demoAutoGenCLS_PV1/DGEN1.AvarMax.setMag.f,sunspec,"{'ipaddr': '192.168.170.87', 'slave_id': 126, 'port': 502}",<sunspec2.modbus.client.SunSpecModbusClientDeviceTCP object at 0x000001BF4130EF10>,8a18419e-91ee-4fac-b915-4719be59a290,True,False,"(-999999999, 999999999)",,1,1,
62,demoAutoGenCLS_PV1/DGEN1.IvarMax,demoAutoGenCLS_PV1/DGEN1.IvarMax.setMag.f,demoAutoGenCLS_PV1/DGEN1.IvarMax.setMag.f,sunspec,"{'ipaddr': '192.168.170.87', 'slave_id': 126, 'port': 502}",<sunspec2.modbus.client.SunSpecModbusClientDeviceTCP object at 0x000001BF4130EF10>,63cb8837-3b86-414e-a04a-2d377b90fa45,True,False,"(-999999999, 999999999)",,1,1,
63,demoAutoGenCLS_PV1/DGEN1.VMax,demoAutoGenCLS_PV1/DGEN1.VMax.setMag.f,demoAutoGenCLS_PV1/DGEN1.VMax.setMag.f,disabled,,,1f44fa2c-10ac-440f-8b13-86e8ae0f8cc1,False,False,"(-999999999, 999999999)",,1,1,
64,demoAutoGenCLS_PV1/DGEN1.VMin,demoAutoGenCLS_PV1/DGEN1.VMin.setMag.f,demoAutoGenCLS_PV1/DGEN1.VMin.setMag.f,disabled,,,4c2ef26a-6817-4a8f-8265-de8b549f7076,False,False,"(-999999999, 999999999)",,1,1,
65,demoAutoGenCLS_PV1/DGEN1.AMax,demoAutoGenCLS_PV1/DGEN1.AMax.setMag.f,demoAutoGenCLS_PV1/DGEN1.AMax.setMag.f,disabled,,,d3dedd20-55f0-46cf-ba1c-51538388f0fb,False,False,"(-999999999, 999999999)",,1,1,
66,demoAutoGenCLS_PV1/DGEN1.VAMax,demoAutoGenCLS_PV1/DGEN1.VAMax.setMag.f,demoAutoGenCLS_PV1/DGEN1.VAMax.setMag.f,sunspec,"{'ipaddr': '192.168.170.87', 'slave_id': 126, 'port': 502}",<sunspec2.modbus.client.SunSpecModbusClientDeviceTCP object at 0x000001BF4130EF10>,2c47ec57-c418-4cd0-9d68-88e4a017a7d7,True,False,"(-999999999, 999999999)",,1,1,
67,demoAutoGenCLS_PV1/DGEN1.AvaMax,demoAutoGenCLS_PV1/DGEN1.AvaMax.setMag.f,demoAutoGenCLS_PV1/DGEN1.AvaMax.setMag.f,disabled,,,c55fc891-b34c-4e80-b47a-393e6dabc48a,False,False,"(-999999999, 999999999)",,1,1,
68,demoAutoGenCLS_PV1/DGEN1.IvaMax,demoAutoGenCLS_PV1/DGEN1.IvaMax.setMag.f,demoAutoGenCLS_PV1/DGEN1.IvaMax.setMag.f,disabled,,,cf06012b-188d-4aef-ac68-76e6452d0bd6,False,False,"(-999999999, 999999999)",,1,1,
69,demoAutoGenCLS_PV1/DGEN1.VArSptRef,demoAutoGenCLS_PV1/DGEN1.VArSptRef.setVal,demoAutoGenCLS_PV1/DGEN1.VArSptRef.setVal,disabled,,,fc1d2c56-5ddb-4b1c-9a27-a5e9d257dc92,False,False,"(-999999999, 999999999)",,1,1,
70,demoAutoGenCLS_PV1/DGEN1.EcpConnTyp,demoAutoGenCLS_PV1/DGEN1.EcpConnTyp.setVal,demoAutoGenCLS_PV1/DGEN1.EcpConnTyp.setVal,disabled,,,1ba1ec6f-5955-43a0-9454-3c0cc4d70290,False,False,"(-999999999, 999999999)",,1,1,
71,demoAutoGenCLS_PV1/DGEN1.PhsConnTyp,demoAutoGenCLS_PV1/DGEN1.PhsConnTyp.setVal,demoAutoGenCLS_PV1/DGEN1.PhsConnTyp.setVal,disabled,,,0beee0f0-2486-469d-8021-45685fd81973,False,False,"(-999999999, 999999999)",,1,1,
72,demoAutoGenCLS_PV1/DGEN1.DERTyp,demoAutoGenCLS_PV1/DGEN1.DERTyp.setVal,demoAutoGenCLS_PV1/DGEN1.DERTyp.setVal,disabled,,,101b550b-2f1b-4cec-9b58-6f9f6b731dd8,False,False,"(-999999999, 999999999)",,1,1,
73,demoAutoGenCLS_PV1/DGEN1.TmpMaxRtg,demoAutoGenCLS_PV1/DGEN1.TmpMaxRtg.setMag.f,demoAutoGenCLS_PV1/DGEN1.TmpMaxRtg.setMag.f,disabled,,,7583dff6-2531-4d07-a770-21440a1a41cc,False,False,"(-999999999, 999999999)",,1,1,
74,demoAutoGenCLS_PV1/DGEN1.SelfWRtg,demoAutoGenCLS_PV1/DGEN1.SelfWRtg.setMag.f,demoAutoGenCLS_PV1/DGEN1.SelfWRtg.setMag.f,disabled,,,323df5c0-f86a-4abe-a035-6bb377dd90a8,False,False,"(-999999999, 999999999)",,1,1,
75,demoAutoGenCLS_PV1/DGEN1.SelfVRtg,demoAutoGenCLS_PV1/DGEN1.SelfVRtg.setMag.f,demoAutoGenCLS_PV1/DGEN1.SelfVRtg.setMag.f,disabled,,,302adb43-9766-4690-b1e8-2c14266b960e,False,False,"(-999999999, 999999999)",,1,1,
76,demoAutoGenCLS_PV1/DGEN1.SelfPFRtg,demoAutoGenCLS_PV1/DGEN1.SelfPFRtg.setMag.f,demoAutoGenCLS_PV1/DGEN1.SelfPFRtg.setMag.f,disabled,,,1342fc3b-4974-477d-861e-e05d18311216,False,False,"(-999999999, 999999999)",,1,1,
77,demoAutoGenCLS_PV1/DGEN1.RvSeq,demoAutoGenCLS_PV1/DGEN1.RvSeq.setVal,demoAutoGenCLS_PV1/DGEN1.RvSeq.setVal,disabled,,,865a66dd-4b74-4fa0-b64f-a7d7be399c09,False,False,"(-999999999, 999999999)",,1,1,
78,demoAutoGenCLS_PV1/DGEN1.SelfVRngRtg,demoAutoGenCLS_PV1/DGEN1.SelfVRngRtg.setMag.f,demoAutoGenCLS_PV1/DGEN1.SelfVRngRtg.setMag.f,disabled,,,4e9113c8-affc-4afa-81fa-ea99e4a5aaae,False,False,"(-999999999, 999999999)",,1,1,
79,demoAutoGenCLS_PV1/DGEN1.EfcRtgPct,demoAutoGenCLS_PV1/DGEN1.EfcRtgPct.setMag.f,demoAutoGenCLS_PV1/DGEN1.EfcRtgPct.setMag.f,disabled,,,281ae078-55e6-457f-9394-7a94ac0f690a,False,False,"(-999999999, 999999999)",,1,1,
80,demoAutoGenCLS_PV1/DGEN1.HzNomRtg,demoAutoGenCLS_PV1/DGEN1.HzNomRtg.setMag.f,demoAutoGenCLS_PV1/DGEN1.HzNomRtg.setMag.f,disabled,,,65314c54-e8c0-4354-a0db-5941832cf20a,False,False,"(-999999999, 999999999)",,1,1,
81,demoAutoGenCLS_PV1/DGEN1.HzMinRtg,demoAutoGenCLS_PV1/DGEN1.HzMinRtg.setMag.f,demoAutoGenCLS_PV1/DGEN1.HzMinRtg.setMag.f,disabled,,,a22e9a4a-fecf-4291-aca5-785075ea6b89,False,False,"(-999999999, 999999999)",,1,1,
82,demoAutoGenCLS_PV1/DGEN1.HzMaxRtg,demoAutoGenCLS_PV1/DGEN1.HzMaxRtg.setMag.f,demoAutoGenCLS_PV1/DGEN1.HzMaxRtg.setMag.f,disabled,,,6f38f446-9acd-47a3-8b02-94547e4b353b,False,False,"(-999999999, 999999999)",,1,1,
83,demoAutoGenCLS_PV1/DGEN1.DERId,demoAutoGenCLS_PV1/DGEN1.DERId.setVal,demoAutoGenCLS_PV1/DGEN1.DERId.setVal,disabled,,,13679cfa-9a0e-4a36-87c1-4e9ba842ca6c,False,False,"(-999999999, 999999999)",,1,1,
84,demoAutoGenCLS_PV1/DINV1.EEName,,,disabled,,,17a26f29-cd03-43e9-bd8d-7d0f8aa2c2e7,False,False,"(-999999999, 999999999)",,1,1,
85,demoAutoGenCLS_PV1/DINV1.NamPlt,,,disabled,,,c26242e4-904a-4afd-ba24-3bb01c7ff86f,False,False,"(-999999999, 999999999)",,1,1,
86,demoAutoGenCLS_PV1/DINV1.Beh,demoAutoGenCLS_PV1/DINV1.Beh.stVal,,disabled,,,6cc47862-216f-4691-b999-c6b90bfba3b6,False,False,"(-999999999, 999999999)",,1,1,
87,demoAutoGenCLS_PV1/DINV1.Health,demoAutoGenCLS_PV1/DINV1.Health.stVal,,disabled,,,bab029d6-d9db-413a-9e63-43871a888e44,False,False,"(-999999999, 999999999)",,1,1,
88,demoAutoGenCLS_PV1/DINV1.LocKey,demoAutoGenCLS_PV1/DINV1.LocKey.stVal,,disabled,,,c8631cc1-7bcb-4983-ad1a-8c85d6869d2a,False,False,"(-999999999, 999999999)",,1,1,
89,demoAutoGenCLS_PV1/DINV1.Loc,demoAutoGenCLS_PV1/DINV1.Loc.stVal,,disabled,,,7cd85b7b-abb9-4e5c-822b-962d2120b2a5,False,False,"(-999999999, 999999999)",,1,1,
90,demoAutoGenCLS_PV1/DINV1.InvACLosAlm,demoAutoGenCLS_PV1/DINV1.InvACLosAlm.stVal,,disabled,,,e7df8eb0-a32e-4cbc-885b-1fd5679eb7e8,False,False,"(-999999999, 999999999)",,1,1,
91,demoAutoGenCLS_PV1/DINV1.InvDCLosAlm,demoAutoGenCLS_PV1/DINV1.InvDCLosAlm.stVal,,disabled,,,c3794add-55f6-4464-a1d6-22d6ca6fb711,False,False,"(-999999999, 999999999)",,1,1,
92,demoAutoGenCLS_PV1/DINV1.InvGriLosAl,demoAutoGenCLS_PV1/DINV1.InvGriLosAl.stVal,,disabled,,,85d951e4-e5f8-4a8c-9aa9-d62081c0d5a2,False,False,"(-999999999, 999999999)",,1,1,
93,demoAutoGenCLS_PV1/DINV1.EEHealth,demoAutoGenCLS_PV1/DINV1.EEHealth.stVal,,disabled,,,d1dc7ba1-daa0-4589-8091-8aed3ed028c2,False,False,"(-999999999, 999999999)",,1,1,
94,demoAutoGenCLS_PV1/DINV1.OpTmh,demoAutoGenCLS_PV1/DINV1.OpTmh.stVal,,disabled,,,e385a15d-583e-4cb8-9d02-583a5d0b1fd2,False,False,"(-999999999, 999999999)",,1,1,
95,demoAutoGenCLS_PV1/DINV1.WSpt,demoAutoGenCLS_PV1/DINV1.WSpt.mxVal.f,demoAutoGenCLS_PV1/DINV1.WSpt.ctlVal.f,disabled,,,38a5a4a3-bd75-4e4e-a972-b1463b4bb015,False,False,"(-999999999, 999999999)",,1,1,
96,demoAutoGenCLS_PV1/DINV1.VArSpt,demoAutoGenCLS_PV1/DINV1.VArSpt.mxVal.f,demoAutoGenCLS_PV1/DINV1.VArSpt.ctlVal.f,disabled,,,1a372ed3-5a1e-4e18-955d-1e8fe3736a81,False,False,"(-999999999, 999999999)",,1,1,
97,demoAutoGenCLS_PV1/DINV1.OutWSet,demoAutoGenCLS_PV1/DINV1.OutWSet.setMag.f,demoAutoGenCLS_PV1/DINV1.OutWSet.setMag.f,disabled,,,4097c79f-56fc-46a2-8478-97105b8cea1c,False,False,"(-999999999, 999999999)",,1,1,
98,demoAutoGenCLS_PV1/DINV1.OutVarSet,demoAutoGenCLS_PV1/DINV1.OutVarSet.setMag.f,demoAutoGenCLS_PV1/DINV1.OutVarSet.setMag.f,disabled,,,9381812d-6f74-412f-97cb-9e663c62f435,False,False,"(-999999999, 999999999)",,1,1,
99,demoAutoGenCLS_PV1/DINV1.InvCtlSrc,demoAutoGenCLS_PV1/DINV1.InvCtlSrc.setVal,demoAutoGenCLS_PV1/DINV1.InvCtlSrc.setVal,disabled,,,849c6447-1997-466a-b4c3-346f7a4d5449,False,False,"(-999999999, 999999999)",,1,1,
100,demoAutoGenCLS_PV1/DINV1.Mod,demoAutoGenCLS_PV1/DINV1.Mod.stVal,demoAutoGenCLS_PV1/DINV1.Mod.ctlVal,disabled,,,76b57d43-50ba-4f2c-9617-7d579d284c1c,False,False,"(-999999999, 999999999)",,1,1,
101,demoAutoGenCLS_PV1/DINV1.LocSta,demoAutoGenCLS_PV1/DINV1.LocSta.stVal,demoAutoGenCLS_PV1/DINV1.LocSta.ctlVal,disabled,,,a71a271c-6db0-469e-85c9-7d5d2fc0cc7e,False,False,"(-999999999, 999999999)",,1,1,
102,demoAutoGenCLS_PV1/DINV1.WRtg,demoAutoGenCLS_PV1/DINV1.WRtg.setMag.f,demoAutoGenCLS_PV1/DINV1.WRtg.setMag.f,disabled,,,f2f0a4ca-edb7-4329-8cba-562033e972a2,False,False,"(-999999999, 999999999)",,1,1,
103,demoAutoGenCLS_PV1/DINV1.VARtg,demoAutoGenCLS_PV1/DINV1.VARtg.setMag.f,demoAutoGenCLS_PV1/DINV1.VARtg.setMag.f,disabled,,,d4632f8b-2821-4870-ad05-5f2b2253ab6f,False,False,"(-999999999, 999999999)",,1,1,
104,demoAutoGenCLS_PV1/DINV1.SwHz,demoAutoGenCLS_PV1/DINV1.SwHz.setMag.f,demoAutoGenCLS_PV1/DINV1.SwHz.setMag.f,disabled,,,935c578e-0b8c-41ff-b441-4ee194fa8447,False,False,"(-999999999, 999999999)",,1,1,
105,demoAutoGenCLS_PV1/DINV1.IsoTyp,demoAutoGenCLS_PV1/DINV1.IsoTyp.setVal,demoAutoGenCLS_PV1/DINV1.IsoTyp.setVal,disabled,,,bb7aa6d0-6478-45d0-b206-8ee56a01718e,False,False,"(-999999999, 999999999)",,1,1,
106,demoAutoGenCLS_PV1/DINV1.ACTyp,demoAutoGenCLS_PV1/DINV1.ACTyp.setVal,demoAutoGenCLS_PV1/DINV1.ACTyp.setVal,disabled,,,0a177597-a2c1-4457-92c8-4997d934f205,False,False,"(-999999999, 999999999)",,1,1,
107,demoAutoGenCLS_PV1/DINV1.InAMax,demoAutoGenCLS_PV1/DINV1.InAMax.setMag.f,demoAutoGenCLS_PV1/DINV1.InAMax.setMag.f,disabled,,,d6bc25a2-c9a6-4391-bf82-c25aabc47a25,False,False,"(-999999999, 999999999)",,1,1,
108,demoAutoGenCLS_PV1/DINV1.InVMax,demoAutoGenCLS_PV1/DINV1.InVMax.setMag.f,demoAutoGenCLS_PV1/DINV1.InVMax.setMag.f,disabled,,,a2cfa347-76c3-4ffd-bd52-c4ecc719880e,False,False,"(-999999999, 999999999)",,1,1,
109,demoAutoGenCLS_PV1/DINV1.VArRtg,demoAutoGenCLS_PV1/DINV1.VArRtg.setMag.f,demoAutoGenCLS_PV1/DINV1.VArRtg.setMag.f,disabled,,,abe30b2b-d809-4185-bad6-22ae71734d35,False,False,"(-999999999, 999999999)",,1,1,
110,demoAutoGenCLS_PV1/DINV1.VRtg,demoAutoGenCLS_PV1/DINV1.VRtg.setMag.f,demoAutoGenCLS_PV1/DINV1.VRtg.setMag.f,disabled,,,d17ab8b2-2410-4bfd-8c08-48996d50064f,False,False,"(-999999999, 999999999)",,1,1,
111,demoAutoGenCLS_PV1/MMXU1.NamPlt,,,disabled,,,dade0428-7a24-45f2-b69e-01902c90b6c7,False,False,"(-999999999, 999999999)",,1,1,
112,demoAutoGenCLS_PV1/MMXU1.Beh,demoAutoGenCLS_PV1/MMXU1.Beh.stVal,,disabled,,,0898f916-da10-421d-a407-a6ab3fc47046,False,False,"(-999999999, 999999999)",,1,1,
113,demoAutoGenCLS_PV1/MMXU1.Health,demoAutoGenCLS_PV1/MMXU1.Health.stVal,,disabled,,,ba65949d-374c-48e6-b30c-21ea2cfe72dc,False,False,"(-999999999, 999999999)",,1,1,
114,demoAutoGenCLS_PV1/MMXU1.PFExtQud,demoAutoGenCLS_PV1/MMXU1.PFExtQud.stVal,,disabled,,,abd167f4-e12d-434f-a586-b1382446e5d5,False,False,"(-999999999, 999999999)",,1,1,
115,demoAutoGenCLS_PV1/MMXU1.PQSt,demoAutoGenCLS_PV1/MMXU1.PQSt.stVal,,disabled,,,c34ba4e6-de41-4264-ad2d-ec5a04de64be,False,False,"(-999999999, 999999999)",,1,1,
116,demoAutoGenCLS_PV1/MMXU1.TotW,demoAutoGenCLS_PV1/MMXU1.TotW.mag.f,,sunspec,"{'ipaddr': '192.168.170.87', 'slave_id': 126, 'port': 502}",<sunspec2.modbus.client.SunSpecModbusClientDeviceTCP object at 0x000001BF4130EF10>,d40bb697-159d-4052-b553-0d02550fc94a,True,False,"(-999999999, 999999999)",,1,1,
117,demoAutoGenCLS_PV1/MMXU1.TotVAr,demoAutoGenCLS_PV1/MMXU1.TotVAr.mag.f,,sunspec,"{'ipaddr': '192.168.170.87', 'slave_id': 126, 'port': 502}",<sunspec2.modbus.client.SunSpecModbusClientDeviceTCP object at 0x000001BF4130EF10>,cd8e2537-7388-4ac0-9b4c-5704c3b61061,True,False,"(-999999999, 999999999)",,1,1,
118,demoAutoGenCLS_PV1/MMXU1.TotVA,demoAutoGenCLS_PV1/MMXU1.TotVA.mag.f,,sunspec,"{'ipaddr': '192.168.170.87', 'slave_id': 126, 'port': 502}",<sunspec2.modbus.client.SunSpecModbusClientDeviceTCP object at 0x000001BF4130EF10>,d9b1eec6-4b14-4da0-a054-78e735b59d02,True,False,"(-999999999, 999999999)",,1,1,
119,demoAutoGenCLS_PV1/MMXU1.TotPF,demoAutoGenCLS_PV1/MMXU1.TotPF.mag.f,,disabled,,,bb728578-aed4-4f11-8c83-7aea9d146592,False,False,"(-999999999, 999999999)",,1,1,
120,demoAutoGenCLS_PV1/MMXU1.Hz,demoAutoGenCLS_PV1/MMXU1.Hz.mag.f,,sunspec,"{'ipaddr': '192.168.170.87', 'slave_id': 126, 'port': 502}",<sunspec2.modbus.client.SunSpecModbusClientDeviceTCP object at 0x000001BF4130EF10>,a0a9a14d-da4b-44be-b9db-d93c93cecde9,True,False,"(-999999999, 999999999)",,1,1,
121,demoAutoGenCLS_PV1/MMXU1.PPV.phsAB,demoAutoGenCLS_PV1/MMXU1.PPV.phsAB.cVal.mag.f,,sunspec,"{'ipaddr': '192.168.170.87', 'slave_id': 126, 'port': 502}",<sunspec2.modbus.client.SunSpecModbusClientDeviceTCP object at 0x000001BF4130EF10>,095e0d60-25dd-49b5-b571-b9a8c9d0d575,True,False,"(-999999999, 999999999)",,1,1,
122,demoAutoGenCLS_PV1/MMXU1.PPV.phsBC,demoAutoGenCLS_PV1/MMXU1.PPV.phsBC.cVal.mag.f,,sunspec,"{'ipaddr': '192.168.170.87', 'slave_id': 126, 'port': 502}",<sunspec2.modbus.client.SunSpecModbusClientDeviceTCP object at 0x000001BF4130EF10>,d07ac3a9-8c78-465e-9799-884e834ea017,True,False,"(-999999999, 999999999)",,1,1,
123,demoAutoGenCLS_PV1/MMXU1.PPV.phsCA,demoAutoGenCLS_PV1/MMXU1.PPV.phsCA.cVal.mag.f,,sunspec,"{'ipaddr': '192.168.170.87', 'slave_id': 126, 'port': 502}",<sunspec2.modbus.client.SunSpecModbusClientDeviceTCP object at 0x000001BF4130EF10>,092eed66-86ac-44d6-b334-f2a0888ca7e2,True,False,"(-999999999, 999999999)",,1,1,
124,demoAutoGenCLS_PV1/MMXU1.PNV.phsA,demoAutoGenCLS_PV1/MMXU1.PNV.phsA.cVal.mag.f,,disabled,,,4fd85966-08c6-4a61-99a3-e00bbd3e3a53,False,False,"(-999999999, 999999999)",,1,1,
125,demoAutoGenCLS_PV1/MMXU1.PNV.phsB,demoAutoGenCLS_PV1/MMXU1.PNV.phsB.cVal.mag.f,,disabled,,,a72e4603-9c3c-47aa-a17d-f0332e7416a6,False,False,"(-999999999, 999999999)",,1,1,
126,demoAutoGenCLS_PV1/MMXU1.PNV.phsC,demoAutoGenCLS_PV1/MMXU1.PNV.phsC.cVal.mag.f,,disabled,,,1c1d6000-e491-4339-9f96-45be710b6b1f,False,False,"(-999999999, 999999999)",,1,1,
127,demoAutoGenCLS_PV1/MMXU1.PNV.neut,demoAutoGenCLS_PV1/MMXU1.PNV.neut.cVal.mag.f,,disabled,,,1956e8fa-4ab1-4a65-aafd-1a22a0ba8061,False,False,"(-999999999, 999999999)",,1,1,
128,demoAutoGenCLS_PV1/MMXU1.PNV.net,demoAutoGenCLS_PV1/MMXU1.PNV.net.cVal.mag.f,,disabled,,,ddd9b4cc-345e-442e-83b1-2ed932404966,False,False,"(-999999999, 999999999)",,1,1,
129,demoAutoGenCLS_PV1/MMXU1.PNV.res,demoAutoGenCLS_PV1/MMXU1.PNV.res.cVal.mag.f,,disabled,,,23cdf718-bbe5-443b-adf4-4196d2ee9d66,False,False,"(-999999999, 999999999)",,1,1,
130,demoAutoGenCLS_PV1/MMXU1.PhV.phsA,demoAutoGenCLS_PV1/MMXU1.PhV.phsA.cVal.mag.f,,sunspec,"{'ipaddr': '192.168.170.87', 'slave_id': 126, 'port': 502}",<sunspec2.modbus.client.SunSpecModbusClientDeviceTCP object at 0x000001BF4130EF10>,43c66438-e41d-4edf-9cd8-e2ef00f5065d,True,False,"(-999999999, 999999999)",,1,1,
131,demoAutoGenCLS_PV1/MMXU1.PhV.phsB,demoAutoGenCLS_PV1/MMXU1.PhV.phsB.cVal.mag.f,,sunspec,"{'ipaddr': '192.168.170.87', 'slave_id': 126, 'port': 502}",<sunspec2.modbus.client.SunSpecModbusClientDeviceTCP object at 0x000001BF4130EF10>,65d9d148-b88b-4255-8a58-223bd37c546a,True,False,"(-999999999, 999999999)",,1,1,
132,demoAutoGenCLS_PV1/MMXU1.PhV.phsC,demoAutoGenCLS_PV1/MMXU1.PhV.phsC.cVal.mag.f,,sunspec,"{'ipaddr': '192.168.170.87', 'slave_id': 126, 'port': 502}",<sunspec2.modbus.client.SunSpecModbusClientDeviceTCP object at 0x000001BF4130EF10>,ecb86292-c620-4b7c-acf4-861f9ebaeb98,True,False,"(-999999999, 999999999)",,1,1,
133,demoAutoGenCLS_PV1/MMXU1.PhV.neut,demoAutoGenCLS_PV1/MMXU1.PhV.neut.cVal.mag.f,,disabled,,,6e425cfd-9b56-4a30-a097-0946eeab3123,False,False,"(-999999999, 999999999)",,1,1,
134,demoAutoGenCLS_PV1/MMXU1.PhV.net,demoAutoGenCLS_PV1/MMXU1.PhV.net.cVal.mag.f,,disabled,,,a761d0f0-26e2-44b7-b4e8-e1a928460217,False,False,"(-999999999, 999999999)",,1,1,
135,demoAutoGenCLS_PV1/MMXU1.PhV.res,demoAutoGenCLS_PV1/MMXU1.PhV.res.cVal.mag.f,,disabled,,,c316f6c4-5627-4ba7-92a8-e68cfc0591e4,False,False,"(-999999999, 999999999)",,1,1,
136,demoAutoGenCLS_PV1/MMXU1.A.phsA,demoAutoGenCLS_PV1/MMXU1.A.phsA.cVal.mag.f,,sunspec,"{'ipaddr': '192.168.170.87', 'slave_id': 126, 'port': 502}",<sunspec2.modbus.client.SunSpecModbusClientDeviceTCP object at 0x000001BF4130EF10>,ddb6ade7-02bc-47de-a5e9-f51b1e70bbd0,True,False,"(-999999999, 999999999)",,1,1,
137,demoAutoGenCLS_PV1/MMXU1.A.phsB,demoAutoGenCLS_PV1/MMXU1.A.phsB.cVal.mag.f,,sunspec,"{'ipaddr': '192.168.170.87', 'slave_id': 126, 'port': 502}",<sunspec2.modbus.client.SunSpecModbusClientDeviceTCP object at 0x000001BF4130EF10>,7613ebf2-57d8-416b-b2c2-f6f1f4761886,True,False,"(-999999999, 999999999)",,1,1,
138,demoAutoGenCLS_PV1/MMXU1.A.phsC,demoAutoGenCLS_PV1/MMXU1.A.phsC.cVal.mag.f,,sunspec,"{'ipaddr': '192.168.170.87', 'slave_id': 126, 'port': 502}",<sunspec2.modbus.client.SunSpecModbusClientDeviceTCP object at 0x000001BF4130EF10>,21f2e79b-b2de-47cd-8da3-079b391e2c34,True,False,"(-999999999, 999999999)",,1,1,
139,demoAutoGenCLS_PV1/MMXU1.A.neut,demoAutoGenCLS_PV1/MMXU1.A.neut.cVal.mag.f,,disabled,,,2181f7a4-4d74-4156-85ca-906691855816,False,False,"(-999999999, 999999999)",,1,1,
140,demoAutoGenCLS_PV1/MMXU1.A.net,demoAutoGenCLS_PV1/MMXU1.A.net.cVal.mag.f,,disabled,,,1b8afc3e-c341-4083-8df9-ce45ba841e7f,False,False,"(-999999999, 999999999)",,1,1,
141,demoAutoGenCLS_PV1/MMXU1.A.res,demoAutoGenCLS_PV1/MMXU1.A.res.cVal.mag.f,,sunspec,"{'ipaddr': '192.168.170.87', 'slave_id': 126, 'port': 502}",<sunspec2.modbus.client.SunSpecModbusClientDeviceTCP object at 0x000001BF4130EF10>,526eccc9-ec7b-40c3-87cc-cf8d159ac9cb,True,False,"(-999999999, 999999999)",,1,1,
142,demoAutoGenCLS_PV1/MMXU1.W.phsA,demoAutoGenCLS_PV1/MMXU1.W.phsA.cVal.mag.f,,disabled,,,77862a0d-bc61-4fc5-a21a-e1491c0c43f4,False,False,"(-999999999, 999999999)",,1,1,
143,demoAutoGenCLS_PV1/MMXU1.W.phsB,demoAutoGenCLS_PV1/MMXU1.W.phsB.cVal.mag.f,,disabled,,,848ce102-0e6c-4168-beb6-a46d750a3666,False,False,"(-999999999, 999999999)",,1,1,
144,demoAutoGenCLS_PV1/MMXU1.W.phsC,demoAutoGenCLS_PV1/MMXU1.W.phsC.cVal.mag.f,,disabled,,,6b148c78-387d-46be-849f-fa003ff90d54,False,False,"(-999999999, 999999999)",,1,1,
145,demoAutoGenCLS_PV1/MMXU1.W.neut,demoAutoGenCLS_PV1/MMXU1.W.neut.cVal.mag.f,,disabled,,,c2d07e24-6fd5-44e9-864d-2f21158c745f,False,False,"(-999999999, 999999999)",,1,1,
146,demoAutoGenCLS_PV1/MMXU1.W.net,demoAutoGenCLS_PV1/MMXU1.W.net.cVal.mag.f,,disabled,,,d4f0ed64-2a44-4b72-8211-d05b036fd238,False,False,"(-999999999, 999999999)",,1,1,
147,demoAutoGenCLS_PV1/MMXU1.W.res,demoAutoGenCLS_PV1/MMXU1.W.res.cVal.mag.f,,disabled,,,96f7bf9d-e5c8-405e-8a1f-77838791a38a,False,False,"(-999999999, 999999999)",,1,1,
148,demoAutoGenCLS_PV1/MMXU1.VAr.phsA,demoAutoGenCLS_PV1/MMXU1.VAr.phsA.cVal.mag.f,,disabled,,,0981aaa7-779c-4638-aee7-5951d42c5f1e,False,False,"(-999999999, 999999999)",,1,1,
149,demoAutoGenCLS_PV1/MMXU1.VAr.phsB,demoAutoGenCLS_PV1/MMXU1.VAr.phsB.cVal.mag.f,,disabled,,,0e155275-f7c8-4312-a7ce-a129c9e5609d,False,False,"(-999999999, 999999999)",,1,1,
150,demoAutoGenCLS_PV1/MMXU1.VAr.phsC,demoAutoGenCLS_PV1/MMXU1.VAr.phsC.cVal.mag.f,,disabled,,,297c1057-5323-47fd-99ff-92c7efc60cab,False,False,"(-999999999, 999999999)",,1,1,
151,demoAutoGenCLS_PV1/MMXU1.VAr.neut,demoAutoGenCLS_PV1/MMXU1.VAr.neut.cVal.mag.f,,disabled,,,447b4733-541c-495f-a245-1a6f7f60d7b6,False,False,"(-999999999, 999999999)",,1,1,
152,demoAutoGenCLS_PV1/MMXU1.VAr.net,demoAutoGenCLS_PV1/MMXU1.VAr.net.cVal.mag.f,,disabled,,,45f78a7c-5793-49a7-a0e9-e6fd09826eca,False,False,"(-999999999, 999999999)",,1,1,
153,demoAutoGenCLS_PV1/MMXU1.VAr.res,demoAutoGenCLS_PV1/MMXU1.VAr.res.cVal.mag.f,,disabled,,,17111e29-dff8-4b16-b69f-3ea664cb41ac,False,False,"(-999999999, 999999999)",,1,1,
154,demoAutoGenCLS_PV1/MMXU1.VA.phsA,demoAutoGenCLS_PV1/MMXU1.VA.phsA.cVal.mag.f,,disabled,,,46808688-a7c8-4ba6-b35d-ba46e7d3d1ed,False,False,"(-999999999, 999999999)",,1,1,
155,demoAutoGenCLS_PV1/MMXU1.VA.phsB,demoAutoGenCLS_PV1/MMXU1.VA.phsB.cVal.mag.f,,disabled,,,ffaa286e-b578-459d-b2c1-8fbbba3d1968,False,False,"(-999999999, 999999999)",,1,1,
156,demoAutoGenCLS_PV1/MMXU1.VA.phsC,demoAutoGenCLS_PV1/MMXU1.VA.phsC.cVal.mag.f,,disabled,,,dc33c8cb-8cfe-4280-9eaa-e7744d584666,False,False,"(-999999999, 999999999)",,1,1,
157,demoAutoGenCLS_PV1/MMXU1.VA.neut,demoAutoGenCLS_PV1/MMXU1.VA.neut.cVal.mag.f,,disabled,,,75a6f533-cceb-4fb8-88e3-64a8f9dfe448,False,False,"(-999999999, 999999999)",,1,1,
158,demoAutoGenCLS_PV1/MMXU1.VA.net,demoAutoGenCLS_PV1/MMXU1.VA.net.cVal.mag.f,,disabled,,,bb8f5ff0-b33a-4cfb-b503-dd7f65e1e28b,False,False,"(-999999999, 999999999)",,1,1,
159,demoAutoGenCLS_PV1/MMXU1.VA.res,demoAutoGenCLS_PV1/MMXU1.VA.res.cVal.mag.f,,disabled,,,3911c5f2-944e-44f6-af61-ae4746ad8b97,False,False,"(-999999999, 999999999)",,1,1,
160,demoAutoGenCLS_PV1/MMXU1.PF.phsA,demoAutoGenCLS_PV1/MMXU1.PF.phsA.cVal.mag.f,,disabled,,,dcfc29dd-01a2-4878-9a9f-f4540cc4fcc7,False,False,"(-999999999, 999999999)",,1,1,
161,demoAutoGenCLS_PV1/MMXU1.PF.phsB,demoAutoGenCLS_PV1/MMXU1.PF.phsB.cVal.mag.f,,disabled,,,8dbde5b0-a10b-46e1-9de1-a0b20737ed27,False,False,"(-999999999, 999999999)",,1,1,
162,demoAutoGenCLS_PV1/MMXU1.PF.phsC,demoAutoGenCLS_PV1/MMXU1.PF.phsC.cVal.mag.f,,disabled,,,8bfad079-1a1e-43e6-8048-06aebe854dc4,False,False,"(-999999999, 999999999)",,1,1,
163,demoAutoGenCLS_PV1/MMXU1.PF.neut,demoAutoGenCLS_PV1/MMXU1.PF.neut.cVal.mag.f,,disabled,,,421d3a3f-a0cf-497e-94e9-9c10a6c7a4e6,False,False,"(-999999999, 999999999)",,1,1,
164,demoAutoGenCLS_PV1/MMXU1.PF.net,demoAutoGenCLS_PV1/MMXU1.PF.net.cVal.mag.f,,disabled,,,1098fb6c-a100-4da6-b2a8-ee3f17791152,False,False,"(-999999999, 999999999)",,1,1,
165,demoAutoGenCLS_PV1/MMXU1.PF.res,demoAutoGenCLS_PV1/MMXU1.PF.res.cVal.mag.f,,disabled,,,b390dce9-e319-492d-a4f4-b46d3457ac8f,False,False,"(-999999999, 999999999)",,1,1,
166,demoAutoGenCLS_PV1/MMXU1.Z.phsA,demoAutoGenCLS_PV1/MMXU1.Z.phsA.cVal.mag.f,,disabled,,,c69df377-1374-49ea-9688-08a9e53fd36b,False,False,"(-999999999, 999999999)",,1,1,
167,demoAutoGenCLS_PV1/MMXU1.Z.phsB,demoAutoGenCLS_PV1/MMXU1.Z.phsB.cVal.mag.f,,disabled,,,bc11bc12-1fe8-4ab0-ba43-465f48e7cc30,False,False,"(-999999999, 999999999)",,1,1,
168,demoAutoGenCLS_PV1/MMXU1.Z.phsC,demoAutoGenCLS_PV1/MMXU1.Z.phsC.cVal.mag.f,,disabled,,,fb9f0af0-66e3-439a-9b03-a39644f7a863,False,False,"(-999999999, 999999999)",,1,1,
169,demoAutoGenCLS_PV1/MMXU1.Z.neut,demoAutoGenCLS_PV1/MMXU1.Z.neut.cVal.mag.f,,disabled,,,4ebf56b6-0e82-4ac1-a6f4-ad0c6fa16ce9,False,False,"(-999999999, 999999999)",,1,1,
170,demoAutoGenCLS_PV1/MMXU1.Z.net,demoAutoGenCLS_PV1/MMXU1.Z.net.cVal.mag.f,,disabled,,,40d55e16-f7e9-4873-84b6-1ada709b7426,False,False,"(-999999999, 999999999)",,1,1,
171,demoAutoGenCLS_PV1/MMXU1.Z.res,demoAutoGenCLS_PV1/MMXU1.Z.res.cVal.mag.f,,disabled,,,7730b389-7c06-4796-a5a9-6755ac5e7299,False,False,"(-999999999, 999999999)",,1,1,
172,demoAutoGenCLS_PV1/MMXU1.AvAPhs,demoAutoGenCLS_PV1/MMXU1.AvAPhs.mag.f,,disabled,,,60a1308f-064d-4243-a18e-e6331753339d,False,False,"(-999999999, 999999999)",,1,1,
173,demoAutoGenCLS_PV1/MMXU1.AvPPVPhs,demoAutoGenCLS_PV1/MMXU1.AvPPVPhs.mag.f,,disabled,,,88d150e6-e59b-4e3f-9022-0a94779d870c,False,False,"(-999999999, 999999999)",,1,1,
174,demoAutoGenCLS_PV1/MMXU1.AvPhVPhs,demoAutoGenCLS_PV1/MMXU1.AvPhVPhs.mag.f,,disabled,,,053e7cba-b7d1-457f-aea1-7297ae0633a4,False,False,"(-999999999, 999999999)",,1,1,
175,demoAutoGenCLS_PV1/MMXU1.AvWPhs,demoAutoGenCLS_PV1/MMXU1.AvWPhs.mag.f,,disabled,,,a9de8189-9594-43d9-97f2-a8f4b5e009e3,False,False,"(-999999999, 999999999)",,1,1,
176,demoAutoGenCLS_PV1/MMXU1.AvVAPhs,demoAutoGenCLS_PV1/MMXU1.AvVAPhs.mag.f,,disabled,,,7664a200-8e3f-402c-8a6c-ee422e63a421,False,False,"(-999999999, 999999999)",,1,1,
177,demoAutoGenCLS_PV1/MMXU1.AvVArPhs,demoAutoGenCLS_PV1/MMXU1.AvVArPhs.mag.f,,disabled,,,26d2b441-4248-40d7-ad8c-d6832544bdcd,False,False,"(-999999999, 999999999)",,1,1,
178,demoAutoGenCLS_PV1/MMXU1.AvPFPhs,demoAutoGenCLS_PV1/MMXU1.AvPFPhs.mag.f,,disabled,,,dfb6942d-640b-4ccc-b40c-54ec7d4ae768,False,False,"(-999999999, 999999999)",,1,1,
179,demoAutoGenCLS_PV1/MMXU1.AvZPhs,demoAutoGenCLS_PV1/MMXU1.AvZPhs.mag.f,,disabled,,,6bc5ec99-3673-4153-93ba-c14162ef812c,False,False,"(-999999999, 999999999)",,1,1,
180,demoAutoGenCLS_PV1/MMXU1.MaxAPhs,demoAutoGenCLS_PV1/MMXU1.MaxAPhs.mag.f,,disabled,,,668065a8-f86d-47fd-8878-caacb2c08445,False,False,"(-999999999, 999999999)",,1,1,
181,demoAutoGenCLS_PV1/MMXU1.MaxPPVPhs,demoAutoGenCLS_PV1/MMXU1.MaxPPVPhs.mag.f,,disabled,,,8b7fbe87-8504-4f67-bd5d-56230ec07352,False,False,"(-999999999, 999999999)",,1,1,
182,demoAutoGenCLS_PV1/MMXU1.MaxPhVPhs,demoAutoGenCLS_PV1/MMXU1.MaxPhVPhs.mag.f,,disabled,,,95472ece-7729-4d2c-a124-9d1eeb445018,False,False,"(-999999999, 999999999)",,1,1,
183,demoAutoGenCLS_PV1/MMXU1.MaxWPhs,demoAutoGenCLS_PV1/MMXU1.MaxWPhs.mag.f,,disabled,,,40105bf4-542b-434b-9546-1e3defe9f62d,False,False,"(-999999999, 999999999)",,1,1,
184,demoAutoGenCLS_PV1/MMXU1.MaxVAPhs,demoAutoGenCLS_PV1/MMXU1.MaxVAPhs.mag.f,,disabled,,,a3a93089-a397-4245-bd77-772a1521eba5,False,False,"(-999999999, 999999999)",,1,1,
185,demoAutoGenCLS_PV1/MMXU1.MaxVArPhs,demoAutoGenCLS_PV1/MMXU1.MaxVArPhs.mag.f,,disabled,,,506478cb-7061-49b2-ac88-3c8f8bd4f3b2,False,False,"(-999999999, 999999999)",,1,1,
186,demoAutoGenCLS_PV1/MMXU1.MaxPFPhs,demoAutoGenCLS_PV1/MMXU1.MaxPFPhs.mag.f,,disabled,,,0ed80872-7a11-432e-90ae-38cd31939780,False,False,"(-999999999, 999999999)",,1,1,
187,demoAutoGenCLS_PV1/MMXU1.MaxZPhs,demoAutoGenCLS_PV1/MMXU1.MaxZPhs.mag.f,,disabled,,,b6835efd-32aa-447d-8f6b-a212eb871f74,False,False,"(-999999999, 999999999)",,1,1,
188,demoAutoGenCLS_PV1/MMXU1.MinAPhs,demoAutoGenCLS_PV1/MMXU1.MinAPhs.mag.f,,disabled,,,64712a72-c62d-4d2c-a120-a317c7d674ee,False,False,"(-999999999, 999999999)",,1,1,
189,demoAutoGenCLS_PV1/MMXU1.MinPPVPhs,demoAutoGenCLS_PV1/MMXU1.MinPPVPhs.mag.f,,disabled,,,d27171ce-eaba-40f8-b1fc-7cea51eb93c3,False,False,"(-999999999, 999999999)",,1,1,
190,demoAutoGenCLS_PV1/MMXU1.MinPhVPhs,demoAutoGenCLS_PV1/MMXU1.MinPhVPhs.mag.f,,disabled,,,7a440ea8-ba7e-4234-894a-b09aa0cc57d6,False,False,"(-999999999, 999999999)",,1,1,
191,demoAutoGenCLS_PV1/MMXU1.MinWPhs,demoAutoGenCLS_PV1/MMXU1.MinWPhs.mag.f,,disabled,,,742f3e5d-3d8d-479d-b7cc-c077ede4b4dd,False,False,"(-999999999, 999999999)",,1,1,
192,demoAutoGenCLS_PV1/MMXU1.MinVAPhs,demoAutoGenCLS_PV1/MMXU1.MinVAPhs.mag.f,,disabled,,,82b9ce81-c3d2-4e25-ae99-6bf40398e823,False,False,"(-999999999, 999999999)",,1,1,
193,demoAutoGenCLS_PV1/MMXU1.MinVArPhs,demoAutoGenCLS_PV1/MMXU1.MinVArPhs.mag.f,,disabled,,,ffacb35e-872b-4bdd-82f3-d662bfbc0962,False,False,"(-999999999, 999999999)",,1,1,
194,demoAutoGenCLS_PV1/MMXU1.MinPFPhs,demoAutoGenCLS_PV1/MMXU1.MinPFPhs.mag.f,,disabled,,,d75c0b2d-df20-4b5d-9b9c-a40d8b8398e9,False,False,"(-999999999, 999999999)",,1,1,
195,demoAutoGenCLS_PV1/MMXU1.MinZPhs,demoAutoGenCLS_PV1/MMXU1.MinZPhs.mag.f,,disabled,,,d99ac2eb-56d5-4731-ab26-74c01b5c8d88,False,False,"(-999999999, 999999999)",,1,1,
196,demoAutoGenCLS_PV1/MMXU1.HzRte,demoAutoGenCLS_PV1/MMXU1.HzRte.mag.f,,disabled,,,6900c179-6f7b-4941-83a8-f33e1bbaa9a5,False,False,"(-999999999, 999999999)",,1,1,
197,demoAutoGenCLS_PV1/MMXU1.Mod,demoAutoGenCLS_PV1/MMXU1.Mod.stVal,demoAutoGenCLS_PV1/MMXU1.Mod.ctlVal,disabled,,,c88bd3c6-3dd5-4667-922d-6b8e9de136cd,False,False,"(-999999999, 999999999)",,1,1,
