,tstmp,Pgen,Pload,Pgen_pred,Pload_pred,bat_capacity,Pbat_max,Pbat_min,SOC,Pnet,Pbat_discharge,Pbat_charge,Pbat_control,SOC_percent
0,2023-09-26 00:01:00,0.0,0.16,0.0,,7.5,5,-5,0,,0,0,0,0
1,2023-09-26 00:02:00,0.0,0.16,0.0,,7.5,5,-5,0,,0,0,0,0
2,2023-09-26 00:03:00,0.0,0.15,0.0,,7.5,5,-5,0,,0,0,0,0
3,2023-09-26 00:04:00,0.0,0.15,0.0,,7.5,5,-5,0,,0,0,0,0
4,2023-09-26 00:05:00,0.0,0.15,0.0,,7.5,5,-5,0,,0,0,0,0
5,2023-09-26 00:06:00,0.0,0.15,0.0,,7.5,5,-5,0,,0,0,0,0
6,2023-09-26 00:07:00,0.0,0.14,0.0,,7.5,5,-5,0,,0,0,0,0
7,2023-09-26 00:08:00,0.0,0.14,0.0,,7.5,5,-5,0,,0,0,0,0
8,2023-09-26 00:09:00,0.0,0.14,0.0,,7.5,5,-5,0,,0,0,0,0
9,2023-09-26 00:10:00,0.0,0.14,0.0,,7.5,5,-5,0,,0,0,0,0
10,2023-09-26 00:11:00,0.0,0.13,0.0,,7.5,5,-5,0,,0,0,0,0
11,2023-09-26 00:12:00,0.0,0.13,0.0,,7.5,5,-5,0,,0,0,0,0
12,2023-09-26 00:13:00,0.0,0.13,0.0,,7.5,5,-5,0,,0,0,0,0
13,2023-09-26 00:14:00,0.0,0.13,0.0,,7.5,5,-5,0,,0,0,0,0
14,2023-09-26 00:15:00,0.0,0.12,0.0,,7.5,5,-5,0,,0,0,0,0
15,2023-09-26 00:16:00,0.0,0.12,0.0,,7.5,5,-5,0,,0,0,0,0
16,2023-09-26 00:17:00,0.0,0.12,0.0,,7.5,5,-5,0,,0,0,0,0
17,2023-09-26 00:18:00,0.0,0.13,0.0,,7.5,5,-5,0,,0,0,0,0
18,2023-09-26 00:19:00,0.0,0.13,0.0,,7.5,5,-5,0,,0,0,0,0
19,2023-09-26 00:20:00,0.0,0.13,0.0,,7.5,5,-5,0,,0,0,0,0
20,2023-09-26 00:21:00,0.0,0.13,0.0,,7.5,5,-5,0,,0,0,0,0
21,2023-09-26 00:22:00,0.0,0.14,0.0,,7.5,5,-5,0,,0,0,0,0
22,2023-09-26 00:23:00,0.0,0.14,0.0,,7.5,5,-5,0,,0,0,0,0
23,2023-09-26 00:24:00,0.0,0.14,0.0,,7.5,5,-5,0,,0,0,0,0
24,2023-09-26 00:25:00,0.0,0.14,0.0,,7.5,5,-5,0,,0,0,0,0
25,2023-09-26 00:26:00,0.0,0.15,0.0,,7.5,5,-5,0,,0,0,0,0
26,2023-09-26 00:27:00,0.0,0.15,0.0,,7.5,5,-5,0,,0,0,0,0
27,2023-09-26 00:28:00,0.0,0.15,0.0,,7.5,5,-5,0,,0,0,0,0
28,2023-09-26 00:29:00,0.0,0.15,0.0,,7.5,5,-5,0,,0,0,0,0
29,2023-09-26 00:30:00,0.0,0.16,0.0,,7.5,5,-5,0,,0,0,0,0
30,2023-09-26 00:31:00,0.0,0.16,0.0,,7.5,5,-5,0,,0,0,0,0
31,2023-09-26 00:32:00,0.0,0.15,0.0,,7.5,5,-5,0,,0,0,0,0
32,2023-09-26 00:33:00,0.0,0.15,0.0,,7.5,5,-5,0,,0,0,0,0
33,2023-09-26 00:34:00,0.0,0.14,0.0,,7.5,5,-5,0,,0,0,0,0
34,2023-09-26 00:35:00,0.0,0.14,0.0,,7.5,5,-5,0,,0,0,0,0
35,2023-09-26 00:36:00,0.0,0.13,0.0,,7.5,5,-5,0,,0,0,0,0
36,2023-09-26 00:37:00,0.0,0.13,0.0,,7.5,5,-5,0,,0,0,0,0
37,2023-09-26 00:38:00,0.0,0.12,0.0,,7.5,5,-5,0,,0,0,0,0
38,2023-09-26 00:39:00,0.0,0.12,0.0,,7.5,5,-5,0,,0,0,0,0
39,2023-09-26 00:40:00,0.0,0.11,0.0,,7.5,5,-5,0,,0,0,0,0
40,2023-09-26 00:41:00,0.0,0.11,0.0,,7.5,5,-5,0,,0,0,0,0
41,2023-09-26 00:42:00,0.0,0.1,0.0,,7.5,5,-5,0,,0,0,0,0
42,2023-09-26 00:43:00,0.0,0.1,0.0,,7.5,5,-5,0,,0,0,0,0
43,2023-09-26 00:44:00,0.0,0.09,0.0,,7.5,5,-5,0,,0,0,0,0
44,2023-09-26 00:45:00,0.0,0.09,0.0,,7.5,5,-5,0,,0,0,0,0
45,2023-09-26 00:46:00,0.0,0.08,0.0,,7.5,5,-5,0,,0,0,0,0
46,2023-09-26 00:47:00,0.0,0.09,0.0,,7.5,5,-5,0,,0,0,0,0
47,2023-09-26 00:48:00,0.0,0.09,0.0,,7.5,5,-5,0,,0,0,0,0
48,2023-09-26 00:49:00,0.0,0.1,0.0,,7.5,5,-5,0,,0,0,0,0
49,2023-09-26 00:50:00,0.0,0.1,0.0,,7.5,5,-5,0,,0,0,0,0
50,2023-09-26 00:51:00,0.0,0.11,0.0,,7.5,5,-5,0,,0,0,0,0
51,2023-09-26 00:52:00,0.0,0.11,0.0,,7.5,5,-5,0,,0,0,0,0
52,2023-09-26 00:53:00,0.0,0.12,0.0,,7.5,5,-5,0,,0,0,0,0
53,2023-09-26 00:54:00,0.0,0.12,0.0,,7.5,5,-5,0,,0,0,0,0
54,2023-09-26 00:55:00,0.0,0.13,0.0,,7.5,5,-5,0,,0,0,0,0
55,2023-09-26 00:56:00,0.0,0.13,0.0,,7.5,5,-5,0,,0,0,0,0
56,2023-09-26 00:57:00,0.0,0.14,0.0,,7.5,5,-5,0,,0,0,0,0
57,2023-09-26 00:58:00,0.0,0.14,0.0,,7.5,5,-5,0,,0,0,0,0
58,2023-09-26 00:59:00,0.0,0.15,0.0,,7.5,5,-5,0,,0,0,0,0
59,2023-09-26 01:00:00,0.0,0.15,0.0,,7.5,5,-5,0,,0,0,0,0
60,2023-09-26 01:01:00,0.0,0.16,0.0,,7.5,5,-5,0,,0,0,0,0
61,2023-09-26 01:02:00,0.0,0.16,0.0,,7.5,5,-5,0,,0,0,0,0
62,2023-09-26 01:03:00,0.0,0.15,0.0,,7.5,5,-5,0,,0,0,0,0
63,2023-09-26 01:04:00,0.0,0.15,0.0,,7.5,5,-5,0,,0,0,0,0
64,2023-09-26 01:05:00,0.0,0.15,0.0,,7.5,5,-5,0,,0,0,0,0
65,2023-09-26 01:06:00,0.0,0.15,0.0,,7.5,5,-5,0,,0,0,0,0
66,2023-09-26 01:07:00,0.0,0.14,0.0,,7.5,5,-5,0,,0,0,0,0
67,2023-09-26 01:08:00,0.0,0.14,0.0,,7.5,5,-5,0,,0,0,0,0
68,2023-09-26 01:09:00,0.0,0.14,0.0,,7.5,5,-5,0,,0,0,0,0
69,2023-09-26 01:10:00,0.0,0.14,0.0,,7.5,5,-5,0,,0,0,0,0
70,2023-09-26 01:11:00,0.0,0.13,0.0,,7.5,5,-5,0,,0,0,0,0
71,2023-09-26 01:12:00,0.0,0.13,0.0,,7.5,5,-5,0,,0,0,0,0
72,2023-09-26 01:13:00,0.0,0.13,0.0,,7.5,5,-5,0,,0,0,0,0
73,2023-09-26 01:14:00,0.0,0.13,0.0,,7.5,5,-5,0,,0,0,0,0
74,2023-09-26 01:15:00,0.0,0.12,0.0,,7.5,5,-5,0,,0,0,0,0
75,2023-09-26 01:16:00,0.0,0.12,0.0,,7.5,5,-5,0,,0,0,0,0
76,2023-09-26 01:17:00,0.0,0.12,0.0,,7.5,5,-5,0,,0,0,0,0
77,2023-09-26 01:18:00,0.0,0.12,0.0,,7.5,5,-5,0,,0,0,0,0
78,2023-09-26 01:19:00,0.0,0.12,0.0,,7.5,5,-5,0,,0,0,0,0
79,2023-09-26 01:20:00,0.0,0.12,0.0,,7.5,5,-5,0,,0,0,0,0
80,2023-09-26 01:21:00,0.0,0.12,0.0,,7.5,5,-5,0,,0,0,0,0
81,2023-09-26 01:22:00,0.0,0.12,0.0,,7.5,5,-5,0,,0,0,0,0
82,2023-09-26 01:23:00,0.0,0.12,0.0,,7.5,5,-5,0,,0,0,0,0
83,2023-09-26 01:24:00,0.0,0.12,0.0,,7.5,5,-5,0,,0,0,0,0
84,2023-09-26 01:25:00,0.0,0.12,0.0,,7.5,5,-5,0,,0,0,0,0
85,2023-09-26 01:26:00,0.0,0.12,0.0,,7.5,5,-5,0,,0,0,0,0
86,2023-09-26 01:27:00,0.0,0.12,0.0,,7.5,5,-5,0,,0,0,0,0
87,2023-09-26 01:28:00,0.0,0.12,0.0,,7.5,5,-5,0,,0,0,0,0
88,2023-09-26 01:29:00,0.0,0.12,0.0,,7.5,5,-5,0,,0,0,0,0
89,2023-09-26 01:30:00,0.0,0.12,0.0,,7.5,5,-5,0,,0,0,0,0
90,2023-09-26 01:31:00,0.0,0.12,0.0,,7.5,5,-5,0,,0,0,0,0
91,2023-09-26 01:32:00,0.0,0.12,0.0,,7.5,5,-5,0,,0,0,0,0
92,2023-09-26 01:33:00,0.0,0.12,0.0,,7.5,5,-5,0,,0,0,0,0
93,2023-09-26 01:34:00,0.0,0.12,0.0,,7.5,5,-5,0,,0,0,0,0
94,2023-09-26 01:35:00,0.0,0.12,0.0,,7.5,5,-5,0,,0,0,0,0
95,2023-09-26 01:36:00,0.0,0.12,0.0,,7.5,5,-5,0,,0,0,0,0
96,2023-09-26 01:37:00,0.0,0.12,0.0,,7.5,5,-5,0,,0,0,0,0
97,2023-09-26 01:38:00,0.0,0.12,0.0,,7.5,5,-5,0,,0,0,0,0
98,2023-09-26 01:39:00,0.0,0.12,0.0,,7.5,5,-5,0,,0,0,0,0
99,2023-09-26 01:40:00,0.0,0.12,0.0,,7.5,5,-5,0,,0,0,0,0
100,2023-09-26 01:41:00,0.0,0.12,0.0,,7.5,5,-5,0,,0,0,0,0
101,2023-09-26 01:42:00,0.0,0.12,0.0,,7.5,5,-5,0,,0,0,0,0
102,2023-09-26 01:43:00,0.0,0.12,0.0,,7.5,5,-5,0,,0,0,0,0
103,2023-09-26 01:44:00,0.0,0.12,0.0,,7.5,5,-5,0,,0,0,0,0
104,2023-09-26 01:45:00,0.0,0.12,0.0,,7.5,5,-5,0,,0,0,0,0
105,2023-09-26 01:46:00,0.0,0.12,0.0,,7.5,5,-5,0,,0,0,0,0
106,2023-09-26 01:47:00,0.0,0.12,0.0,,7.5,5,-5,0,,0,0,0,0
107,2023-09-26 01:48:00,0.0,0.13,0.0,,7.5,5,-5,0,,0,0,0,0
108,2023-09-26 01:49:00,0.0,0.13,0.0,,7.5,5,-5,0,,0,0,0,0
109,2023-09-26 01:50:00,0.0,0.13,0.0,,7.5,5,-5,0,,0,0,0,0
110,2023-09-26 01:51:00,0.0,0.13,0.0,,7.5,5,-5,0,,0,0,0,0
111,2023-09-26 01:52:00,0.0,0.14,0.0,,7.5,5,-5,0,,0,0,0,0
112,2023-09-26 01:53:00,0.0,0.14,0.0,,7.5,5,-5,0,,0,0,0,0
113,2023-09-26 01:54:00,0.0,0.14,0.0,,7.5,5,-5,0,,0,0,0,0
114,2023-09-26 01:55:00,0.0,0.14,0.0,,7.5,5,-5,0,,0,0,0,0
115,2023-09-26 01:56:00,0.0,0.15,0.0,,7.5,5,-5,0,,0,0,0,0
116,2023-09-26 01:57:00,0.0,0.15,0.0,,7.5,5,-5,0,,0,0,0,0
117,2023-09-26 01:58:00,0.0,0.15,0.0,,7.5,5,-5,0,,0,0,0,0
118,2023-09-26 01:59:00,0.0,0.15,0.0,,7.5,5,-5,0,,0,0,0,0
119,2023-09-26 02:00:00,0.0,0.16,0.0,,7.5,5,-5,0,,0,0,0,0
120,2023-09-26 02:01:00,0.0,0.16,0.0,,7.5,5,-5,0,,0,0,0,0
121,2023-09-26 02:02:00,0.0,0.16,0.0,,7.5,5,-5,0,,0,0,0,0
122,2023-09-26 02:03:00,0.0,0.15,0.0,,7.5,5,-5,0,,0,0,0,0
123,2023-09-26 02:04:00,0.0,0.15,0.0,,7.5,5,-5,0,,0,0,0,0
124,2023-09-26 02:05:00,0.0,0.15,0.0,,7.5,5,-5,0,,0,0,0,0
125,2023-09-26 02:06:00,0.0,0.15,0.0,,7.5,5,-5,0,,0,0,0,0
126,2023-09-26 02:07:00,0.0,0.14,0.0,,7.5,5,-5,0,,0,0,0,0
127,2023-09-26 02:08:00,0.0,0.14,0.0,,7.5,5,-5,0,,0,0,0,0
128,2023-09-26 02:09:00,0.0,0.14,0.0,,7.5,5,-5,0,,0,0,0,0
129,2023-09-26 02:10:00,0.0,0.14,0.0,,7.5,5,-5,0,,0,0,0,0
130,2023-09-26 02:11:00,0.0,0.13,0.0,,7.5,5,-5,0,,0,0,0,0
131,2023-09-26 02:12:00,0.0,0.13,0.0,,7.5,5,-5,0,,0,0,0,0
132,2023-09-26 02:13:00,0.0,0.13,0.0,,7.5,5,-5,0,,0,0,0,0
133,2023-09-26 02:14:00,0.0,0.13,0.0,,7.5,5,-5,0,,0,0,0,0
134,2023-09-26 02:15:00,0.0,0.12,0.0,,7.5,5,-5,0,,0,0,0,0
135,2023-09-26 02:16:00,0.0,0.12,0.0,,7.5,5,-5,0,,0,0,0,0
136,2023-09-26 02:17:00,0.0,0.12,0.0,,7.5,5,-5,0,,0,0,0,0
137,2023-09-26 02:18:00,0.0,0.12,0.0,,7.5,5,-5,0,,0,0,0,0
138,2023-09-26 02:19:00,0.0,0.12,0.0,,7.5,5,-5,0,,0,0,0,0
139,2023-09-26 02:20:00,0.0,0.12,0.0,,7.5,5,-5,0,,0,0,0,0
140,2023-09-26 02:21:00,0.0,0.12,0.0,,7.5,5,-5,0,,0,0,0,0
141,2023-09-26 02:22:00,0.0,0.12,0.0,,7.5,5,-5,0,,0,0,0,0
142,2023-09-26 02:23:00,0.0,0.12,0.0,,7.5,5,-5,0,,0,0,0,0
143,2023-09-26 02:24:00,0.0,0.12,0.0,,7.5,5,-5,0,,0,0,0,0
144,2023-09-26 02:25:00,0.0,0.12,0.0,,7.5,5,-5,0,,0,0,0,0
145,2023-09-26 02:26:00,0.0,0.12,0.0,,7.5,5,-5,0,,0,0,0,0
146,2023-09-26 02:27:00,0.0,0.12,0.0,,7.5,5,-5,0,,0,0,0,0
147,2023-09-26 02:28:00,0.0,0.12,0.0,,7.5,5,-5,0,,0,0,0,0
148,2023-09-26 02:29:00,0.0,0.12,0.0,,7.5,5,-5,0,,0,0,0,0
149,2023-09-26 02:30:00,0.0,0.12,0.0,,7.5,5,-5,0,,0,0,0,0
150,2023-09-26 02:31:00,0.0,0.12,0.0,,7.5,5,-5,0,,0,0,0,0
151,2023-09-26 02:32:00,0.0,0.12,0.0,,7.5,5,-5,0,,0,0,0,0
152,2023-09-26 02:33:00,0.0,0.12,0.0,,7.5,5,-5,0,,0,0,0,0
153,2023-09-26 02:34:00,0.0,0.12,0.0,,7.5,5,-5,0,,0,0,0,0
154,2023-09-26 02:35:00,0.0,0.12,0.0,,7.5,5,-5,0,,0,0,0,0
155,2023-09-26 02:36:00,0.0,0.12,0.0,,7.5,5,-5,0,,0,0,0,0
156,2023-09-26 02:37:00,0.0,0.12,0.0,,7.5,5,-5,0,,0,0,0,0
157,2023-09-26 02:38:00,0.0,0.12,0.0,,7.5,5,-5,0,,0,0,0,0
158,2023-09-26 02:39:00,0.0,0.12,0.0,,7.5,5,-5,0,,0,0,0,0
159,2023-09-26 02:40:00,0.0,0.12,0.0,,7.5,5,-5,0,,0,0,0,0
160,2023-09-26 02:41:00,0.0,0.12,0.0,,7.5,5,-5,0,,0,0,0,0
161,2023-09-26 02:42:00,0.0,0.12,0.0,,7.5,5,-5,0,,0,0,0,0
162,2023-09-26 02:43:00,0.0,0.12,0.0,,7.5,5,-5,0,,0,0,0,0
163,2023-09-26 02:44:00,0.0,0.12,0.0,,7.5,5,-5,0,,0,0,0,0
164,2023-09-26 02:45:00,0.0,0.12,0.0,,7.5,5,-5,0,,0,0,0,0
165,2023-09-26 02:46:00,0.0,0.12,0.0,,7.5,5,-5,0,,0,0,0,0
166,2023-09-26 02:47:00,0.0,0.12,0.0,,7.5,5,-5,0,,0,0,0,0
167,2023-09-26 02:48:00,0.0,0.13,0.0,,7.5,5,-5,0,,0,0,0,0
168,2023-09-26 02:49:00,0.0,0.13,0.0,,7.5,5,-5,0,,0,0,0,0
169,2023-09-26 02:50:00,0.0,0.13,0.0,,7.5,5,-5,0,,0,0,0,0
170,2023-09-26 02:51:00,0.0,0.13,0.0,,7.5,5,-5,0,,0,0,0,0
171,2023-09-26 02:52:00,0.0,0.14,0.0,,7.5,5,-5,0,,0,0,0,0
172,2023-09-26 02:53:00,0.0,0.14,0.0,,7.5,5,-5,0,,0,0,0,0
173,2023-09-26 02:54:00,0.0,0.14,0.0,,7.5,5,-5,0,,0,0,0,0
174,2023-09-26 02:55:00,0.0,0.14,0.0,,7.5,5,-5,0,,0,0,0,0
175,2023-09-26 02:56:00,0.0,0.15,0.0,,7.5,5,-5,0,,0,0,0,0
176,2023-09-26 02:57:00,0.0,0.15,0.0,,7.5,5,-5,0,,0,0,0,0
177,2023-09-26 02:58:00,0.0,0.15,0.0,,7.5,5,-5,0,,0,0,0,0
178,2023-09-26 02:59:00,0.0,0.15,0.0,,7.5,5,-5,0,,0,0,0,0
179,2023-09-26 03:00:00,0.0,0.16,0.0,,7.5,5,-5,0,,0,0,0,0
180,2023-09-26 03:01:00,0.0,0.16,0.0,,7.5,5,-5,0,,0,0,0,0
181,2023-09-26 03:02:00,0.0,0.16,0.0,,7.5,5,-5,0,,0,0,0,0
182,2023-09-26 03:03:00,0.0,0.16,0.0,,7.5,5,-5,0,,0,0,0,0
183,2023-09-26 03:04:00,0.0,0.16,0.0,,7.5,5,-5,0,,0,0,0,0
184,2023-09-26 03:05:00,0.0,0.16,0.0,,7.5,5,-5,0,,0,0,0,0
185,2023-09-26 03:06:00,0.0,0.16,0.0,,7.5,5,-5,0,,0,0,0,0
186,2023-09-26 03:07:00,0.0,0.16,0.0,,7.5,5,-5,0,,0,0,0,0
187,2023-09-26 03:08:00,0.0,0.16,0.0,,7.5,5,-5,0,,0,0,0,0
188,2023-09-26 03:09:00,0.0,0.16,0.0,,7.5,5,-5,0,,0,0,0,0
189,2023-09-26 03:10:00,0.0,0.16,0.0,,7.5,5,-5,0,,0,0,0,0
190,2023-09-26 03:11:00,0.0,0.16,0.0,,7.5,5,-5,0,,0,0,0,0
191,2023-09-26 03:12:00,0.0,0.16,0.0,,7.5,5,-5,0,,0,0,0,0
192,2023-09-26 03:13:00,0.0,0.16,0.0,,7.5,5,-5,0,,0,0,0,0
193,2023-09-26 03:14:00,0.0,0.16,0.0,,7.5,5,-5,0,,0,0,0,0
194,2023-09-26 03:15:00,0.0,0.16,0.0,,7.5,5,-5,0,,0,0,0,0
195,2023-09-26 03:16:00,0.0,0.16,0.0,,7.5,5,-5,0,,0,0,0,0
196,2023-09-26 03:17:00,0.0,0.16,0.0,,7.5,5,-5,0,,0,0,0,0
197,2023-09-26 03:18:00,0.0,0.15,0.0,,7.5,5,-5,0,,0,0,0,0
198,2023-09-26 03:19:00,0.0,0.15,0.0,,7.5,5,-5,0,,0,0,0,0
199,2023-09-26 03:20:00,0.0,0.15,0.0,,7.5,5,-5,0,,0,0,0,0
200,2023-09-26 03:21:00,0.0,0.15,0.0,,7.5,5,-5,0,,0,0,0,0
201,2023-09-26 03:22:00,0.0,0.14,0.0,,7.5,5,-5,0,,0,0,0,0
202,2023-09-26 03:23:00,0.0,0.14,0.0,,7.5,5,-5,0,,0,0,0,0
203,2023-09-26 03:24:00,0.0,0.14,0.0,,7.5,5,-5,0,,0,0,0,0
204,2023-09-26 03:25:00,0.0,0.14,0.0,,7.5,5,-5,0,,0,0,0,0
205,2023-09-26 03:26:00,0.0,0.13,0.0,,7.5,5,-5,0,,0,0,0,0
206,2023-09-26 03:27:00,0.0,0.13,0.0,,7.5,5,-5,0,,0,0,0,0
207,2023-09-26 03:28:00,0.0,0.13,0.0,,7.5,5,-5,0,,0,0,0,0
208,2023-09-26 03:29:00,0.0,0.13,0.0,,7.5,5,-5,0,,0,0,0,0
209,2023-09-26 03:30:00,0.0,0.12,0.0,,7.5,5,-5,0,,0,0,0,0
210,2023-09-26 03:31:00,0.0,0.12,0.0,,7.5,5,-5,0,,0,0,0,0
211,2023-09-26 03:32:00,0.0,0.12,0.0,,7.5,5,-5,0,,0,0,0,0
212,2023-09-26 03:33:00,0.0,0.12,0.0,,7.5,5,-5,0,,0,0,0,0
213,2023-09-26 03:34:00,0.0,0.12,0.0,,7.5,5,-5,0,,0,0,0,0
214,2023-09-26 03:35:00,0.0,0.12,0.0,,7.5,5,-5,0,,0,0,0,0
215,2023-09-26 03:36:00,0.0,0.12,0.0,,7.5,5,-5,0,,0,0,0,0
216,2023-09-26 03:37:00,0.0,0.12,0.0,,7.5,5,-5,0,,0,0,0,0
217,2023-09-26 03:38:00,0.0,0.12,0.0,,7.5,5,-5,0,,0,0,0,0
218,2023-09-26 03:39:00,0.0,0.12,0.0,,7.5,5,-5,0,,0,0,0,0
219,2023-09-26 03:40:00,0.0,0.12,0.0,,7.5,5,-5,0,,0,0,0,0
220,2023-09-26 03:41:00,0.0,0.12,0.0,,7.5,5,-5,0,,0,0,0,0
221,2023-09-26 03:42:00,0.0,0.12,0.0,,7.5,5,-5,0,,0,0,0,0
222,2023-09-26 03:43:00,0.0,0.12,0.0,,7.5,5,-5,0,,0,0,0,0
223,2023-09-26 03:44:00,0.0,0.12,0.0,,7.5,5,-5,0,,0,0,0,0
224,2023-09-26 03:45:00,0.0,0.12,0.0,,7.5,5,-5,0,,0,0,0,0
225,2023-09-26 03:46:00,0.0,0.12,0.0,,7.5,5,-5,0,,0,0,0,0
226,2023-09-26 03:47:00,0.0,0.12,0.0,,7.5,5,-5,0,,0,0,0,0
227,2023-09-26 03:48:00,0.0,0.12,0.0,,7.5,5,-5,0,,0,0,0,0
228,2023-09-26 03:49:00,0.0,0.12,0.0,,7.5,5,-5,0,,0,0,0,0
229,2023-09-26 03:50:00,0.0,0.12,0.0,,7.5,5,-5,0,,0,0,0,0
230,2023-09-26 03:51:00,0.0,0.12,0.0,,7.5,5,-5,0,,0,0,0,0
231,2023-09-26 03:52:00,0.0,0.12,0.0,,7.5,5,-5,0,,0,0,0,0
232,2023-09-26 03:53:00,0.0,0.12,0.0,,7.5,5,-5,0,,0,0,0,0
233,2023-09-26 03:54:00,0.0,0.12,0.0,,7.5,5,-5,0,,0,0,0,0
234,2023-09-26 03:55:00,0.0,0.12,0.0,,7.5,5,-5,0,,0,0,0,0
235,2023-09-26 03:56:00,0.0,0.12,0.0,,7.5,5,-5,0,,0,0,0,0
236,2023-09-26 03:57:00,0.0,0.12,0.0,,7.5,5,-5,0,,0,0,0,0
237,2023-09-26 03:58:00,0.0,0.12,0.0,,7.5,5,-5,0,,0,0,0,0
238,2023-09-26 03:59:00,0.0,0.12,0.0,,7.5,5,-5,0,,0,0,0,0
239,2023-09-26 04:00:00,0.0,0.12,0.0,,7.5,5,-5,0,,0,0,0,0
240,2023-09-26 04:01:00,0.0,0.12,0.0,,7.5,5,-5,0,,0,0,0,0
241,2023-09-26 04:02:00,0.0,0.12,0.0,,7.5,5,-5,0,,0,0,0,0
242,2023-09-26 04:03:00,0.0,0.13,0.0,,7.5,5,-5,0,,0,0,0,0
243,2023-09-26 04:04:00,0.0,0.13,0.0,,7.5,5,-5,0,,0,0,0,0
244,2023-09-26 04:05:00,0.0,0.13,0.0,,7.5,5,-5,0,,0,0,0,0
245,2023-09-26 04:06:00,0.0,0.13,0.0,,7.5,5,-5,0,,0,0,0,0
246,2023-09-26 04:07:00,0.0,0.14,0.0,,7.5,5,-5,0,,0,0,0,0
247,2023-09-26 04:08:00,0.0,0.14,0.0,,7.5,5,-5,0,,0,0,0,0
248,2023-09-26 04:09:00,0.0,0.14,0.0,,7.5,5,-5,0,,0,0,0,0
249,2023-09-26 04:10:00,0.0,0.14,0.0,,7.5,5,-5,0,,0,0,0,0
250,2023-09-26 04:11:00,0.0,0.15,0.0,,7.5,5,-5,0,,0,0,0,0
251,2023-09-26 04:12:00,0.0,0.15,0.0,,7.5,5,-5,0,,0,0,0,0
252,2023-09-26 04:13:00,0.0,0.15,0.0,,7.5,5,-5,0,,0,0,0,0
253,2023-09-26 04:14:00,0.0,0.15,0.0,,7.5,5,-5,0,,0,0,0,0
254,2023-09-26 04:15:00,0.0,0.16,0.0,,7.5,5,-5,0,,0,0,0,0
255,2023-09-26 04:16:00,0.0,0.16,0.0,,7.5,5,-5,0,,0,0,0,0
256,2023-09-26 04:17:00,0.0,0.16,0.0,,7.5,5,-5,0,,0,0,0,0
257,2023-09-26 04:18:00,0.0,0.15,0.0,,7.5,5,-5,0,,0,0,0,0
258,2023-09-26 04:19:00,0.0,0.15,0.0,,7.5,5,-5,0,,0,0,0,0
259,2023-09-26 04:20:00,0.0,0.15,0.0,,7.5,5,-5,0,,0,0,0,0
260,2023-09-26 04:21:00,0.0,0.15,0.0,,7.5,5,-5,0,,0,0,0,0
261,2023-09-26 04:22:00,0.0,0.14,0.0,,7.5,5,-5,0,,0,0,0,0
262,2023-09-26 04:23:00,0.0,0.14,0.0,,7.5,5,-5,0,,0,0,0,0
263,2023-09-26 04:24:00,0.0,0.14,0.0,,7.5,5,-5,0,,0,0,0,0
264,2023-09-26 04:25:00,0.0,0.14,0.0,,7.5,5,-5,0,,0,0,0,0
265,2023-09-26 04:26:00,0.0,0.13,0.0,,7.5,5,-5,0,,0,0,0,0
266,2023-09-26 04:27:00,0.0,0.13,0.0,,7.5,5,-5,0,,0,0,0,0
267,2023-09-26 04:28:00,0.0,0.13,0.0,,7.5,5,-5,0,,0,0,0,0
268,2023-09-26 04:29:00,0.0,0.13,0.0,,7.5,5,-5,0,,0,0,0,0
269,2023-09-26 04:30:00,0.0,0.12,0.0,,7.5,5,-5,0,,0,0,0,0
270,2023-09-26 04:31:00,0.0,0.12,0.0,,7.5,5,-5,0,,0,0,0,0
271,2023-09-26 04:32:00,0.0,0.12,0.0,,7.5,5,-5,0,,0,0,0,0
272,2023-09-26 04:33:00,0.0,0.11,0.0,,7.5,5,-5,0,,0,0,0,0
273,2023-09-26 04:34:00,0.0,0.11,0.0,,7.5,5,-5,0,,0,0,0,0
274,2023-09-26 04:35:00,0.0,0.11,0.0,,7.5,5,-5,0,,0,0,0,0
275,2023-09-26 04:36:00,0.0,0.11,0.0,,7.5,5,-5,0,,0,0,0,0
276,2023-09-26 04:37:00,0.0,0.1,0.0,,7.5,5,-5,0,,0,0,0,0
277,2023-09-26 04:38:00,0.0,0.1,0.0,,7.5,5,-5,0,,0,0,0,0
278,2023-09-26 04:39:00,0.0,0.1,0.0,,7.5,5,-5,0,,0,0,0,0
279,2023-09-26 04:40:00,0.0,0.1,0.0,,7.5,5,-5,0,,0,0,0,0
280,2023-09-26 04:41:00,0.0,0.09,0.0,,7.5,5,-5,0,,0,0,0,0
281,2023-09-26 04:42:00,0.0,0.09,0.0,,7.5,5,-5,0,,0,0,0,0
282,2023-09-26 04:43:00,0.0,0.09,0.0,,7.5,5,-5,0,,0,0,0,0
283,2023-09-26 04:44:00,0.0,0.09,0.0,,7.5,5,-5,0,,0,0,0,0
284,2023-09-26 04:45:00,0.0,0.08,0.0,,7.5,5,-5,0,,0,0,0,0
285,2023-09-26 04:46:00,0.0,0.08,0.0,,7.5,5,-5,0,,0,0,0,0
286,2023-09-26 04:47:00,0.0,0.09,0.0,,7.5,5,-5,0,,0,0,0,0
287,2023-09-26 04:48:00,0.0,0.09,0.0,,7.5,5,-5,0,,0,0,0,0
288,2023-09-26 04:49:00,0.0,0.1,0.0,,7.5,5,-5,0,,0,0,0,0
289,2023-09-26 04:50:00,0.0,0.1,0.0,,7.5,5,-5,0,,0,0,0,0
290,2023-09-26 04:51:00,0.0,0.11,0.0,,7.5,5,-5,0,,0,0,0,0
291,2023-09-26 04:52:00,0.0,0.11,0.0,,7.5,5,-5,0,,0,0,0,0
292,2023-09-26 04:53:00,0.0,0.12,0.0,,7.5,5,-5,0,,0,0,0,0
293,2023-09-26 04:54:00,0.0,0.12,0.0,,7.5,5,-5,0,,0,0,0,0
294,2023-09-26 04:55:00,0.0,0.13,0.0,,7.5,5,-5,0,,0,0,0,0
295,2023-09-26 04:56:00,0.0,0.13,0.0,,7.5,5,-5,0,,0,0,0,0
296,2023-09-26 04:57:00,0.0,0.14,0.0,,7.5,5,-5,0,,0,0,0,0
297,2023-09-26 04:58:00,0.0,0.14,0.0,,7.5,5,-5,0,,0,0,0,0
298,2023-09-26 04:59:00,0.0,0.15,0.0,,7.5,5,-5,0,,0,0,0,0
299,2023-09-26 05:00:00,0.0,0.15,0.0,,7.5,5,-5,0,,0,0,0,0
300,2023-09-26 05:01:00,0.0,0.16,0.0,,7.5,5,-5,0,,0,0,0,0
301,2023-09-26 05:02:00,0.0,0.16,0.0,,7.5,5,-5,0,,0,0,0,0
302,2023-09-26 05:03:00,0.0,0.16,0.0,,7.5,5,-5,0,,0,0,0,0
303,2023-09-26 05:04:00,0.0,0.16,0.0,,7.5,5,-5,0,,0,0,0,0
304,2023-09-26 05:05:00,0.0,0.16,0.0,,7.5,5,-5,0,,0,0,0,0
305,2023-09-26 05:06:00,0.0,0.16,0.0,,7.5,5,-5,0,,0,0,0,0
306,2023-09-26 05:07:00,0.0,0.16,0.0,,7.5,5,-5,0,,0,0,0,0
307,2023-09-26 05:08:00,0.0,0.16,0.0,,7.5,5,-5,0,,0,0,0,0
308,2023-09-26 05:09:00,0.0,0.16,0.0,,7.5,5,-5,0,,0,0,0,0
309,2023-09-26 05:10:00,0.0,0.16,0.0,,7.5,5,-5,0,,0,0,0,0
310,2023-09-26 05:11:00,0.0,0.16,0.0,,7.5,5,-5,0,,0,0,0,0
311,2023-09-26 05:12:00,0.0,0.16,0.0,,7.5,5,-5,0,,0,0,0,0
312,2023-09-26 05:13:00,0.0,0.16,0.0,,7.5,5,-5,0,,0,0,0,0
313,2023-09-26 05:14:00,0.0,0.16,0.0,,7.5,5,-5,0,,0,0,0,0
314,2023-09-26 05:15:00,0.0,0.16,0.0,,7.5,5,-5,0,,0,0,0,0
315,2023-09-26 05:16:00,0.0,0.16,0.0,,7.5,5,-5,0,,0,0,0,0
316,2023-09-26 05:17:00,0.0,0.16,0.0006285714285714285,,7.5,5,-5,0,,0,0,0,0
317,2023-09-26 05:18:00,0.0,0.17,0.001257142857142857,,7.5,5,-5,0,,0,0,0,0
318,2023-09-26 05:19:00,0.0,0.17,0.001885714285714286,,7.5,5,-5,0,,0,0,0,0
319,2023-09-26 05:20:00,0.0,0.17,0.002514285714285714,,7.5,5,-5,0,,0,0,0,0
320,2023-09-26 05:21:00,0.0,0.17,0.0031428571428571426,,7.5,5,-5,0,,0,0,0,0
321,2023-09-26 05:22:00,0.0,0.18,0.0037714285714285697,,7.5,5,-5,0,,0,0,0,0
322,2023-09-26 05:23:00,0.0,0.18,0.0044,,7.5,5,-5,0,,0,0,0,0
323,2023-09-26 05:24:00,0.0,0.18,0.005028571428571428,,7.5,5,-5,0,,0,0,0,0
324,2023-09-26 05:25:00,0.0,0.18,0.005657142857142857,,7.5,5,-5,0,,0,0,0,0
325,2023-09-26 05:26:00,0.0,0.19,0.006285714285714286,,7.5,5,-5,0,,0,0,0,0
326,2023-09-26 05:27:00,0.0,0.19,0.006914285714285715,,7.5,5,-5,0,,0,0,0,0
327,2023-09-26 05:28:00,0.0,0.19,0.007542857142857139,,7.5,5,-5,0,,0,0,0,0
328,2023-09-26 05:29:00,0.0,0.19,0.00817142857142857,,7.5,5,-5,0,,0,0,0,0
329,2023-09-26 05:30:00,0.0,0.2,0.008799999999999997,,7.5,5,-5,0,,0,0,0,0
330,2023-09-26 05:31:00,0.0,0.2,0.009428571428571429,,7.5,5,-5,0,,0,0,0,0
331,2023-09-26 05:32:00,0.0,0.2,0.021342857142857143,,7.5,5,-5,0,,0,0,0,0
332,2023-09-26 05:33:00,0.0,0.2,0.03325714285714285,,7.5,5,-5,0,,0,0,0,0
333,2023-09-26 05:34:00,0.0,0.2,0.045171428571428564,,7.5,5,-5,0,,0,0,0,0
334,2023-09-26 05:35:00,0.0,0.2,0.05708571428571428,,7.5,5,-5,0,,0,0,0,0
335,2023-09-26 05:36:00,0.0,0.2,0.069,,7.5,5,-5,0,,0,0,0,0
336,2023-09-26 05:37:00,0.0,0.2,0.08091428571428574,,7.5,5,-5,0,,0,0,0,0
337,2023-09-26 05:38:00,0.0,0.2,0.09282857142857141,,7.5,5,-5,0,,0,0,0,0
338,2023-09-26 05:39:00,0.0,0.2,0.10474285714285715,,7.5,5,-5,0,,0,0,0,0
339,2023-09-26 05:40:00,0.0,0.2,0.11665714285714288,,7.5,5,-5,0,,0,0,0,0
340,2023-09-26 05:41:00,0.0,0.2,0.12857142857142856,,7.5,5,-5,0,,0,0,0,0
341,2023-09-26 05:42:00,0.0,0.2,0.1404857142857143,,7.5,5,-5,0,,0,0,0,0
342,2023-09-26 05:43:00,0.0,0.2,0.1524,,7.5,5,-5,0,,0,0,0,0
343,2023-09-26 05:44:00,0.0,0.2,0.16431428571428572,,7.5,5,-5,0,,0,0,0,0
344,2023-09-26 05:45:00,0.0,0.2,0.17622857142857143,,7.5,5,-5,0,,0,0,0,0
345,2023-09-26 05:46:00,0.0,0.2,0.18814285714285717,,7.5,5,-5,0,,0,0,0,0
346,2023-09-26 05:47:00,0.0,0.21,0.2133428571428572,,7.5,5,-5,0,,0,0,0,0
347,2023-09-26 05:48:00,0.0,0.22,0.23854285714285717,,7.5,5,-5,0,,0,0,0,0
348,2023-09-26 05:49:00,0.0,0.22,0.26374285714285717,,7.5,5,-5,0,,0,0,0,0
349,2023-09-26 05:50:00,0.0,0.23,0.28894285714285717,,7.5,5,-5,0,,0,0,0,0
350,2023-09-26 05:51:00,0.0,0.24,0.31414285714285717,,7.5,5,-5,0,,0,0,0,0
351,2023-09-26 05:52:00,0.0,0.25,0.33934285714285717,,7.5,5,-5,0,,0,0,0,0
352,2023-09-26 05:53:00,0.0,0.26,0.3645428571428569,,7.5,5,-5,0,,0,0,0,0
353,2023-09-26 05:54:00,0.0,0.26,0.3897428571428571,,7.5,5,-5,0,,0,0,0,0
354,2023-09-26 05:55:00,0.0,0.27,0.4149428571428572,,7.5,5,-5,0,,0,0,0,0
355,2023-09-26 05:56:00,0.0,0.28,0.4401428571428571,,7.5,5,-5,0,,0,0,0,0
356,2023-09-26 05:57:00,0.0,0.29,0.46534285714285717,,7.5,5,-5,0,,0,0,0,0
357,2023-09-26 05:58:00,0.0,0.3,0.49054285714285717,,7.5,5,-5,0,,0,0,0,0
358,2023-09-26 05:59:00,0.0,0.3,0.5157428571428573,,7.5,5,-5,0,,0,0,0,0
359,2023-09-26 06:00:00,0.0,0.31,0.540942857142857,,7.5,5,-5,0,,0,0,0,0
360,2023-09-26 06:01:00,0.0,0.32,0.5661428571428571,,7.5,5,-5,0,,0,0,0,0
361,2023-09-26 06:02:00,0.0,0.35,0.5972285714285713,,7.5,5,-5,0,,0,0,0,0
362,2023-09-26 06:03:00,0.0,0.39,0.6283142857142857,,7.5,5,-5,0,,0,0,0,0
363,2023-09-26 06:04:00,0.0,0.42,0.6594,,7.5,5,-5,0,,0,0,0,0
364,2023-09-26 06:05:00,0.0,0.46,0.6904857142857143,,7.5,5,-5,0,,0,0,0,0
365,2023-09-26 06:06:00,0.0,0.49,0.7215714285714286,,7.5,5,-5,0,,0,0,0,0
366,2023-09-26 06:07:00,0.0,0.53,0.7526571428571429,,7.5,5,-5,0,,0,0,0,0
367,2023-09-26 06:08:00,0.0,0.56,0.7837428571428571,,7.5,5,-5,0,,0,0,0,0
368,2023-09-26 06:09:00,0.0,0.6,0.8148285714285715,,7.5,5,-5,0,,0,0,0,0
369,2023-09-26 06:10:00,0.0,0.63,0.8459142857142857,,7.5,5,-5,0,,0,0,0,0
370,2023-09-26 06:11:00,0.0,0.67,0.8769999999999999,,7.5,5,-5,0,,0,0,0,0
371,2023-09-26 06:12:00,0.0,0.7,0.9080857142857144,,7.5,5,-5,0,,0,0,0,0
372,2023-09-26 06:13:00,0.0,0.74,0.9391714285714287,,7.5,5,-5,0,,0,0,0,0
373,2023-09-26 06:14:00,0.0,0.77,0.9702571428571427,,7.5,5,-5,0,,0,0,0,0
374,2023-09-26 06:15:00,0.0,0.81,1.001342857142857,,7.5,5,-5,0,,0,0,0,0
375,2023-09-26 06:16:00,0.0,0.84,1.0324285714285713,,7.5,5,-5,0,,0,0,0,0
376,2023-09-26 06:17:00,0.0,0.81,1.0747142857142857,,7.5,5,-5,0,,0,0,0,0
377,2023-09-26 06:18:00,0.0,0.78,1.1169999999999998,,7.5,5,-5,0,,0,0,0,0
378,2023-09-26 06:19:00,0.0,0.75,1.1592857142857147,,7.5,5,-5,0,,0,0,0,0
379,2023-09-26 06:20:00,0.0,0.72,1.2015714285714283,,7.5,5,-5,0,,0,0,0,0
380,2023-09-26 06:21:00,0.0,0.69,1.243857142857143,,7.5,5,-5,0,,0,0,0,0
381,2023-09-26 06:22:00,0.0,0.66,1.286142857142857,,7.5,5,-5,0,,0,0,0,0
382,2023-09-26 06:23:00,0.0,0.63,1.3284285714285715,,7.5,5,-5,0,,0,0,0,0
383,2023-09-26 06:24:00,0.0,0.61,1.3707142857142853,,7.5,5,-5,0,,0,0,0,0
384,2023-09-26 06:25:00,0.0,0.58,1.413,,7.5,5,-5,0,,0,0,0,0
385,2023-09-26 06:26:00,0.0,0.55,1.4552857142857145,,7.5,5,-5,0,,0,0,0,0
386,2023-09-26 06:27:00,0.0,0.52,1.4975714285714283,,7.5,5,-5,0,,0,0,0,0
387,2023-09-26 06:28:00,0.0,0.49,1.5398571428571428,,7.5,5,-5,0,,0,0,0,0
388,2023-09-26 06:29:00,0.0,0.46,1.5821428571428573,,7.5,5,-5,0,,0,0,0,0
389,2023-09-26 06:30:00,0.0,0.43,1.6244285714285718,,7.5,5,-5,0,,0,0,0,0
390,2023-09-26 06:31:00,0.0,0.4,1.6667142857142858,,7.5,5,-5,0,,0,0,0,0
391,2023-09-26 06:32:00,0.0,0.41,1.6923428571428574,,7.5,5,-5,0,,0,0,0,0
392,2023-09-26 06:33:00,0.0,0.43,1.7179714285714285,,7.5,5,-5,0,,0,0,0,0
393,2023-09-26 06:34:00,0.0,0.44,1.7435999999999998,,7.5,5,-5,0,,0,0,0,0
394,2023-09-26 06:35:00,0.0,0.45,1.7692285714285712,,7.5,5,-5,0,,0,0,0,0
395,2023-09-26 06:36:00,0.0,0.47,1.794857142857143,,7.5,5,-5,0,,0,0,0,0
396,2023-09-26 06:37:00,0.0,0.48,1.8204857142857145,,7.5,5,-5,0,,0,0,0,0
397,2023-09-26 06:38:00,0.0,0.49,1.8461142857142856,,7.5,5,-5,0,,0,0,0,0
398,2023-09-26 06:39:00,0.0,0.51,1.871742857142857,,7.5,5,-5,0,,0,0,0,0
399,2023-09-26 06:40:00,0.0,0.52,1.897371428571429,,7.5,5,-5,0,,0,0,0,0
400,2023-09-26 06:41:00,0.0,0.53,1.923,,7.5,5,-5,0,,0,0,0,0
401,2023-09-26 06:42:00,0.0,0.55,1.948628571428572,,7.5,5,-5,0,,0,0,0,0
402,2023-09-26 06:43:00,0.0,0.56,1.9742571428571432,,7.5,5,-5,0,,0,0,0,0
403,2023-09-26 06:44:00,0.0,0.57,1.999885714285714,,7.5,5,-5,0,,0,0,0,0
404,2023-09-26 06:45:00,0.0,0.59,2.0255142857142854,,7.5,5,-5,0,,0,0,0,0
405,2023-09-26 06:46:00,0.0,0.6,2.0511428571428567,,7.5,5,-5,0,,0,0,0,0
406,2023-09-26 06:47:00,0.0,0.61,2.065314285714286,,7.5,5,-5,0,,0,0,0,0
407,2023-09-26 06:48:00,0.0,0.62,2.079485714285714,,7.5,5,-5,0,,0,0,0,0
408,2023-09-26 06:49:00,0.0,0.63,2.093657142857143,,7.5,5,-5,0,,0,0,0,0
409,2023-09-26 06:50:00,0.0,0.64,2.1078285714285707,,7.5,5,-5,0,,0,0,0,0
410,2023-09-26 06:51:00,0.0,0.65,2.122,,7.5,5,-5,0,,0,0,0,0
411,2023-09-26 06:52:00,0.0,0.66,2.136171428571428,,7.5,5,-5,0,,0,0,0,0
412,2023-09-26 06:53:00,0.0,0.67,2.1503428571428573,,7.5,5,-5,0,,0,0,0,0
413,2023-09-26 06:54:00,0.0,0.69,2.164514285714286,,7.5,5,-5,0,,0,0,0,0
414,2023-09-26 06:55:00,0.0,0.7,2.1786857142857143,,7.5,5,-5,0,,0,0,0,0
415,2023-09-26 06:56:00,0.0,0.71,2.192857142857143,,7.5,5,-5,0,,0,0,0,0
416,2023-09-26 06:57:00,0.0,0.72,2.2070285714285713,,7.5,5,-5,0,,0,0,0,0
417,2023-09-26 06:58:00,0.0,0.73,2.2212000000000005,,7.5,5,-5,0,,0,0,0,0
418,2023-09-26 06:59:00,0.0,0.74,2.235371428571429,,7.5,5,-5,0,,0,0,0,0
419,2023-09-26 07:00:00,0.0,0.75,2.2495428571428575,,7.5,5,-5,0,,0,0,0,0
420,2023-09-26 07:01:00,0.0,0.76,2.263714285714286,,7.5,5,-5,0,,0,0,0,0
421,2023-09-26 07:02:00,0.01,0.75,2.2720571428571423,,7.5,5,-5,0,,0,0,0,0
422,2023-09-26 07:03:00,0.01,0.74,2.2804,,7.5,5,-5,0,,0,0,0,0
423,2023-09-26 07:04:00,0.02,0.74,2.288742857142857,,7.5,5,-5,0,,0,0,0,0
424,2023-09-26 07:05:00,0.02,0.73,2.2970857142857146,,7.5,5,-5,0,,0,0,0,0
425,2023-09-26 07:06:00,0.03,0.72,2.305428571428572,,7.5,5,-5,0,,0,0,0,0
426,2023-09-26 07:07:00,0.03,0.71,2.313771428571429,,7.5,5,-5,0,,0,0,0,0
427,2023-09-26 07:08:00,0.04,0.7,2.322114285714285,,7.5,5,-5,0,,0,0,0,0
428,2023-09-26 07:09:00,0.04,0.7,2.330457142857143,,7.5,5,-5,0,,0,0,0,0
429,2023-09-26 07:10:00,0.05,0.69,2.3388,,7.5,5,-5,0,,0,0,0,0
430,2023-09-26 07:11:00,0.05,0.68,2.347142857142857,,7.5,5,-5,0,,0,0,0,0
431,2023-09-26 07:12:00,0.06,0.67,2.355485714285714,,7.5,5,-5,0,,0,0,0,0
432,2023-09-26 07:13:00,0.06,0.66,2.3638285714285723,,7.5,5,-5,0,,0,0,0,0
433,2023-09-26 07:14:00,0.07,0.66,2.3721714285714293,,7.5,5,-5,0,,0,0,0,0
434,2023-09-26 07:15:00,0.07,0.65,2.380514285714285,,7.5,5,-5,0,,0,0,0,0
435,2023-09-26 07:16:00,0.08,0.64,2.3888571428571432,,7.5,5,-5,0,,0,0,0,0
436,2023-09-26 07:17:00,0.1,0.64,2.4099714285714287,,7.5,5,-5,0,,0,0,0,0
437,2023-09-26 07:18:00,0.11,0.64,2.4310857142857145,,7.5,5,-5,0,,0,0,0,0
438,2023-09-26 07:19:00,0.13,0.64,2.452200000000001,,7.5,5,-5,0,,0,0,0,0
439,2023-09-26 07:20:00,0.14,0.64,2.473314285714286,,7.5,5,-5,0,,0,0,0,0
440,2023-09-26 07:21:00,0.16,0.64,2.4944285714285708,,7.5,5,-5,0,,0,0,0,0
441,2023-09-26 07:22:00,0.18,0.64,2.515542857142857,,7.5,5,-5,0,,0,0,0,0
442,2023-09-26 07:23:00,0.19,0.64,2.536657142857144,,7.5,5,-5,0,,0,0,0,0
443,2023-09-26 07:24:00,0.21,0.64,2.557771428571429,,7.5,5,-5,0,,0,0,0,0
444,2023-09-26 07:25:00,0.22,0.64,2.5788857142857142,,7.5,5,-5,0,,0,0,0,0
445,2023-09-26 07:26:00,0.24,0.64,2.6000000000000005,,7.5,5,-5,0,,0,0,0,0
446,2023-09-26 07:27:00,0.26,0.64,2.621114285714285,,7.5,5,-5,0,,0,0,0,0
447,2023-09-26 07:28:00,0.27,0.64,2.6422285714285714,,7.5,5,-5,0,,0,0,0,0
448,2023-09-26 07:29:00,0.29,0.64,2.6633428571428572,,7.5,5,-5,0,,0,0,0,0
449,2023-09-26 07:30:00,0.3,0.64,2.684457142857143,,7.5,5,-5,0,,0,0,0,0
450,2023-09-26 07:31:00,0.32,0.64,2.7055714285714285,,7.5,5,-5,0,,0,0,0,0
451,2023-09-26 07:32:00,0.35,0.63,2.726628571428571,,7.5,5,-5,0,,0,0,0,0
452,2023-09-26 07:33:00,0.37,0.61,2.7476857142857143,,7.5,5,-5,0,,0,0,0,0
453,2023-09-26 07:34:00,0.4,0.6,2.768742857142857,,7.5,5,-5,0,,0,0,0,0
454,2023-09-26 07:35:00,0.43,0.59,2.7898,,7.5,5,-5,0,,0,0,0,0
455,2023-09-26 07:36:00,0.45,0.57,2.810857142857143,,7.5,5,-5,0,,0,0,0,0
456,2023-09-26 07:37:00,0.48,0.56,2.831914285714285,,7.5,5,-5,0,,0,0,0,0
457,2023-09-26 07:38:00,0.51,0.55,2.8529714285714283,,7.5,5,-5,0,,0,0,0,0
458,2023-09-26 07:39:00,0.53,0.53,2.874028571428572,,7.5,5,-5,0,,0,0,0,0
459,2023-09-26 07:40:00,0.56,0.52,2.895085714285714,,7.5,5,-5,0,,0,0,0,0
460,2023-09-26 07:41:00,0.59,0.51,2.9161428571428565,,7.5,5,-5,0,,0,0,0,0
461,2023-09-26 07:42:00,0.61,0.49,2.9372000000000007,,7.5,5,-5,0,,0,0,0,0
462,2023-09-26 07:43:00,0.64,0.48,2.9582571428571427,,7.5,5,-5,0,,0,0,0,0
463,2023-09-26 07:44:00,0.67,0.47,2.979314285714285,,7.5,5,-5,0,,0,0,0,0
464,2023-09-26 07:45:00,0.69,0.45,3.0003714285714285,,7.5,5,-5,0,,0,0,0,0
465,2023-09-26 07:46:00,0.72,0.44,3.021428571428571,,7.5,5,-5,0,,0,0,0,0
466,2023-09-26 07:47:00,0.75,0.42,3.0358857142857145,,7.5,5,-5,0,,0,0,0,0
467,2023-09-26 07:48:00,0.77,0.41,3.0503428571428572,,7.5,5,-5,0,,0,0,0,0
468,2023-09-26 07:49:00,0.8,0.39,3.0648,,7.5,5,-5,0,,0,0,0,0
469,2023-09-26 07:50:00,0.83,0.38,3.0792571428571427,,7.5,5,-5,0,,0,0,0,0
470,2023-09-26 07:51:00,0.85,0.36,3.0937142857142867,,7.5,5,-5,0,,0,0,0,0
471,2023-09-26 07:52:00,0.88,0.34,3.108171428571428,,7.5,5,-5,0,,0,0,0,0
472,2023-09-26 07:53:00,0.91,0.33,3.1226285714285713,,7.5,5,-5,0,,0,0,0,0
473,2023-09-26 07:54:00,0.93,0.31,3.137085714285715,,7.5,5,-5,0,,0,0,0,0
474,2023-09-26 07:55:00,0.96,0.3,3.1515428571428568,,7.5,5,-5,0,,0,0,0,0
475,2023-09-26 07:56:00,0.99,0.28,3.1659999999999995,,7.5,5,-5,0,,0,0,0,0
476,2023-09-26 07:57:00,1.01,0.26,3.180457142857143,,7.5,5,-5,0,,0,0,0,0
477,2023-09-26 07:58:00,1.04,0.25,3.1949142857142863,,7.5,5,-5,0,,0,0,0,0
478,2023-09-26 07:59:00,1.07,0.23,3.2093714285714285,,7.5,5,-5,0,,0,0,0,0
479,2023-09-26 08:00:00,1.09,0.22,3.2238285714285713,,7.5,5,-5,0,,0,0,0,0
480,2023-09-26 08:01:00,1.12,0.2,3.2382857142857144,,7.5,5,-5,0,,0,0,0,0
481,2023-09-26 08:02:00,1.14,0.19,3.2460571428571425,,7.5,5,-5,0,,0,0,0,0
482,2023-09-26 08:03:00,1.15,0.18,3.253828571428571,,7.5,5,-5,0,,0,0,0,0
483,2023-09-26 08:04:00,1.17,0.18,3.2616,,7.5,5,-5,0,,0,0,0,0
484,2023-09-26 08:05:00,1.18,0.17,3.2693714285714286,,7.5,5,-5,0,,0,0,0,0
485,2023-09-26 08:06:00,1.2,0.16,3.2771428571428585,,7.5,5,-5,0,,0,0,0,0
486,2023-09-26 08:07:00,1.22,0.15,3.284914285714286,,7.5,5,-5,0,,0,0,0,0
487,2023-09-26 08:08:00,1.23,0.14,3.292685714285714,,7.5,5,-5,0,,0,0,0,0
488,2023-09-26 08:09:00,1.25,0.14,3.300457142857143,,7.5,5,-5,0,,0,0,0,0
489,2023-09-26 08:10:00,1.26,0.13,3.3082285714285717,,7.5,5,-5,0,,0,0,0,0
490,2023-09-26 08:11:00,1.28,0.12,3.3159999999999994,,7.5,5,-5,0,,0,0,0,0
491,2023-09-26 08:12:00,1.3,0.11,3.323771428571429,,7.5,5,-5,0,,0,0,0,0
492,2023-09-26 08:13:00,1.31,0.1,3.331542857142857,,7.5,5,-5,0,,0,0,0,0
493,2023-09-26 08:14:00,1.33,0.1,3.339314285714285,,7.5,5,-5,0,,0,0,0,0
494,2023-09-26 08:15:00,1.34,0.09,3.347085714285715,,7.5,5,-5,0,,0,0,0,0
495,2023-09-26 08:16:00,1.36,0.08,3.354857142857143,,7.5,5,-5,0,,0,0,0,0
496,2023-09-26 08:17:00,1.37,0.08,3.376371428571429,,7.5,5,-5,0,,0,0,0,0
497,2023-09-26 08:18:00,1.39,0.07,3.397885714285714,,7.5,5,-5,0,,0,0,0,0
498,2023-09-26 08:19:00,1.4,0.07,3.4194,,7.5,5,-5,0,,0,0,0,0
499,2023-09-26 08:20:00,1.41,0.07,3.4409142857142863,,7.5,5,-5,0,,0,0,0,0
500,2023-09-26 08:21:00,1.43,0.07,3.4624285714285716,,7.5,5,-5,0,,0,0,0,0
501,2023-09-26 08:22:00,1.44,0.06,3.483942857142857,,7.5,5,-5,0,,0,0,0,0
502,2023-09-26 08:23:00,1.45,0.06,3.505457142857142,,7.5,5,-5,0,,0,0,0,0
503,2023-09-26 08:24:00,1.47,0.06,3.526971428571429,,7.5,5,-5,0,,0,0,0,0
504,2023-09-26 08:25:00,1.48,0.06,3.548485714285714,,7.5,5,-5,0,,0,0,0,0
505,2023-09-26 08:26:00,1.49,0.05,3.57,,7.5,5,-5,0,,0,0,0,0
506,2023-09-26 08:27:00,1.51,0.05,3.591514285714286,,7.5,5,-5,0,,0,0,0,0
507,2023-09-26 08:28:00,1.52,0.05,3.613028571428571,,7.5,5,-5,0,,0,0,0,0
508,2023-09-26 08:29:00,1.53,0.05,3.6345428571428577,,7.5,5,-5,0,,0,0,0,0
509,2023-09-26 08:30:00,1.55,0.04,3.656057142857143,,7.5,5,-5,0,,0,0,0,0
510,2023-09-26 08:31:00,1.56,0.04,3.677571428571429,,7.5,5,-5,0,,0,0,0,0
511,2023-09-26 08:32:00,1.55,0.04,3.709171428571429,,7.5,5,-5,0,,0,0,0,0
512,2023-09-26 08:33:00,1.55,0.03,3.7407714285714286,,7.5,5,-5,0,,0,0,0,0
513,2023-09-26 08:34:00,1.54,0.03,3.7723714285714287,,7.5,5,-5,0,,0,0,0,0
514,2023-09-26 08:35:00,1.54,0.03,3.803971428571429,,7.5,5,-5,0,,0,0,0,0
515,2023-09-26 08:36:00,1.53,0.03,3.835571428571429,,7.5,5,-5,0,,0,0,0,0
516,2023-09-26 08:37:00,1.53,0.02,3.867171428571429,,7.5,5,-5,0,,0,0,0,0
517,2023-09-26 08:38:00,1.52,0.02,3.8987714285714286,,7.5,5,-5,0,,0,0,0,0
518,2023-09-26 08:39:00,1.52,0.02,3.9303714285714286,,7.5,5,-5,0,,0,0,0,0
519,2023-09-26 08:40:00,1.51,0.02,3.961971428571429,,7.5,5,-5,0,,0,0,0,0
520,2023-09-26 08:41:00,1.51,0.01,3.9935714285714288,,7.5,5,-5,0,,0,0,0,0
521,2023-09-26 08:42:00,1.5,0.01,4.025171428571428,,7.5,5,-5,0,,0,0,0,0
522,2023-09-26 08:43:00,1.5,0.01,4.0567714285714285,,7.5,5,-5,0,,0,0,0,0
523,2023-09-26 08:44:00,1.49,0.01,4.0883714285714285,,7.5,5,-5,0,,0,0,0,0
524,2023-09-26 08:45:00,1.49,0.0,4.119971428571429,,7.5,5,-5,0,,0,0,0,0
525,2023-09-26 08:46:00,1.48,0.0,4.151571428571429,,7.5,5,-5,0,,0,0,0,0
526,2023-09-26 08:47:00,1.54,0.0,4.175,,7.5,5,-5,0,,0,0,0,0
527,2023-09-26 08:48:00,1.59,0.0,4.198428571428572,,7.5,5,-5,0,,0,0,0,0
528,2023-09-26 08:49:00,1.65,0.0,4.221857142857143,,7.5,5,-5,0,,0,0,0,0
529,2023-09-26 08:50:00,1.7,0.0,4.245285714285715,,7.5,5,-5,0,,0,0,0,0
530,2023-09-26 08:51:00,1.76,0.0,4.268714285714286,,7.5,5,-5,0,,0,0,0,0
531,2023-09-26 08:52:00,1.82,0.0,4.292142857142859,,7.5,5,-5,0,,0,0,0,0
532,2023-09-26 08:53:00,1.87,0.0,4.315571428571428,,7.5,5,-5,0,,0,0,0,0
533,2023-09-26 08:54:00,1.93,0.0,4.339000000000001,,7.5,5,-5,0,,0,0,0,0
534,2023-09-26 08:55:00,1.98,0.0,4.3624285714285715,,7.5,5,-5,0,,0,0,0,0
535,2023-09-26 08:56:00,2.04,0.0,4.385857142857143,,7.5,5,-5,0,,0,0,0,0
536,2023-09-26 08:57:00,2.1,0.0,4.409285714285715,,7.5,5,-5,0,,0,0,0,0
537,2023-09-26 08:58:00,2.15,0.0,4.432714285714286,,7.5,5,-5,0,,0,0,0,0
538,2023-09-26 08:59:00,2.21,0.0,4.456142857142857,,7.5,5,-5,0,,0,0,0,0
539,2023-09-26 09:00:00,2.26,0.0,4.479571428571428,,7.5,5,-5,0,,0,0,0,0
540,2023-09-26 09:01:00,2.32,0.0,4.503,,7.5,5,-5,0,,0,0,0,0
541,2023-09-26 09:02:00,2.39,0.05,4.548571428571428,,7.5,5,-5,0,,0,0,0,0
542,2023-09-26 09:03:00,2.45,0.11,4.594142857142857,,7.5,5,-5,0,,0,0,0,0
543,2023-09-26 09:04:00,2.52,0.16,4.639714285714286,,7.5,5,-5,0,,0,0,0,0
544,2023-09-26 09:05:00,2.59,0.21,4.6852857142857145,,7.5,5,-5,0,,0,0,0,0
545,2023-09-26 09:06:00,2.65,0.27,4.7308571428571415,,7.5,5,-5,0,,0,0,0,0
546,2023-09-26 09:07:00,2.72,0.32,4.776428571428571,,7.5,5,-5,0,,0,0,0,0
547,2023-09-26 09:08:00,2.79,0.37,4.822000000000001,,7.5,5,-5,0,,0,0,0,0
548,2023-09-26 09:09:00,2.85,0.43,4.867571428571429,,7.5,5,-5,0,,0,0,0,0
549,2023-09-26 09:10:00,2.92,0.48,4.913142857142857,,7.5,5,-5,0,,0,0,0,0
550,2023-09-26 09:11:00,2.99,0.53,4.958714285714287,,7.5,5,-5,0,,0,0,0,0
551,2023-09-26 09:12:00,3.05,0.59,5.004285714285713,,7.5,5,-5,0,,0,0,0,0
552,2023-09-26 09:13:00,3.12,0.64,5.049857142857143,,7.5,5,-5,0,,0,0,0,0
553,2023-09-26 09:14:00,3.19,0.69,5.095428571428573,,7.5,5,-5,0,,0,0,0,0
554,2023-09-26 09:15:00,3.25,0.75,5.140999999999999,,7.5,5,-5,0,,0,0,0,0
555,2023-09-26 09:16:00,3.32,0.8,5.186571428571429,,7.5,5,-5,0,,0,0,0,0
556,2023-09-26 09:17:00,3.54,0.75,5.268142857142859,,7.5,5,-5,0,,0,0,0,0
557,2023-09-26 09:18:00,3.75,0.7,5.349714285714286,,7.5,5,-5,0,,0,0,0,0
558,2023-09-26 09:19:00,3.97,0.65,5.431285714285715,,7.5,5,-5,0,,0,0,0,0
559,2023-09-26 09:20:00,4.18,0.6,5.512857142857143,,7.5,5,-5,0,,0,0,0,0
560,2023-09-26 09:21:00,4.4,0.55,5.594428571428571,,7.5,5,-5,0,,0,0,0,0
561,2023-09-26 09:22:00,4.62,0.5,5.676,,7.5,5,-5,0,,0,0,0,0
562,2023-09-26 09:23:00,4.83,0.45,5.7575714285714295,,7.5,5,-5,0,,0,0,0,0
563,2023-09-26 09:24:00,5.05,0.39,5.839142857142857,,7.5,5,-5,0,,0,0,0,0
564,2023-09-26 09:25:00,5.26,0.34,5.920714285714286,,7.5,5,-5,0,,0,0,0,0
565,2023-09-26 09:26:00,5.48,0.29,6.0022857142857164,,7.5,5,-5,0,,0,0,0,0
566,2023-09-26 09:27:00,5.7,0.24,6.083857142857143,,7.5,5,-5,0,,0,0,0,0
567,2023-09-26 09:28:00,5.91,0.19,6.1654285714285715,,7.5,5,-5,0,,0,0,0,0
568,2023-09-26 09:29:00,6.13,0.14,6.247000000000001,,7.5,5,-5,0,,0,0,0,0
569,2023-09-26 09:30:00,6.34,0.09,6.328571428571429,,7.5,5,-5,0,,0,0,0,0
570,2023-09-26 09:31:00,6.56,0.04,6.410142857142857,,7.5,5,-5,0,,0,0,0,0
571,2023-09-26 09:32:00,6.6,0.04,6.491057142857142,,7.5,5,-5,0,,0,0,0,0
572,2023-09-26 09:33:00,6.64,0.03,6.571971428571428,,7.5,5,-5,0,,0,0,0,0
573,2023-09-26 09:34:00,6.68,0.03,6.6528857142857145,,7.5,5,-5,0,,0,0,0,0
574,2023-09-26 09:35:00,6.72,0.03,6.7338000000000005,,7.5,5,-5,0,,0,0,0,0
575,2023-09-26 09:36:00,6.76,0.03,6.814714285714285,,7.5,5,-5,0,,0,0,0,0
576,2023-09-26 09:37:00,6.8,0.02,6.8956285714285706,,7.5,5,-5,0,,0,0,0,0
577,2023-09-26 09:38:00,6.84,0.02,6.9765428571428565,,7.5,5,-5,0,,0,0,0,0
578,2023-09-26 09:39:00,6.88,0.02,7.057457142857143,,7.5,5,-5,0,,0,0,0,0
579,2023-09-26 09:40:00,6.92,0.02,7.138371428571429,,7.5,5,-5,0,,0,0,0,0
580,2023-09-26 09:41:00,6.96,0.01,7.219285714285713,,7.5,5,-5,0,,0,0,0,0
581,2023-09-26 09:42:00,7.0,0.01,7.3002,,7.5,5,-5,0,,0,0,0,0
582,2023-09-26 09:43:00,7.04,0.01,7.381114285714285,,7.5,5,-5,0,,0,0,0,0
583,2023-09-26 09:44:00,7.08,0.01,7.462028571428572,,7.5,5,-5,0,,0,0,0,0
584,2023-09-26 09:45:00,7.12,0.0,7.542942857142856,,7.5,5,-5,0,,0,0,0,0
585,2023-09-26 09:46:00,7.16,0.0,7.623857142857143,,7.5,5,-5,0,,0,0,0,0
586,2023-09-26 09:47:00,7.2,0.01,7.681428571428571,,7.5,5,-5,0,,0,0,0,0
587,2023-09-26 09:48:00,7.25,0.02,7.739000000000001,,7.5,5,-5,0,,0,0,0,0
588,2023-09-26 09:49:00,7.29,0.02,7.796571428571429,,7.5,5,-5,0,,0,0,0,0
589,2023-09-26 09:50:00,7.33,0.03,7.854142857142855,,7.5,5,-5,0,,0,0,0,0
590,2023-09-26 09:51:00,7.37,0.04,7.911714285714287,,7.5,5,-5,0,,0,0,0,0
591,2023-09-26 09:52:00,7.42,0.05,7.969285714285715,,7.5,5,-5,0,,0,0,0,0
592,2023-09-26 09:53:00,7.46,0.06,8.026857142857141,,7.5,5,-5,0,,0,0,0,0
593,2023-09-26 09:54:00,7.5,0.06,8.084428571428571,,7.5,5,-5,0,,0,0,0,0
594,2023-09-26 09:55:00,7.54,0.07,8.142,,7.5,5,-5,0,,0,0,0,0
595,2023-09-26 09:56:00,7.59,0.08,8.199571428571426,,7.5,5,-5,0,,0,0,0,0
596,2023-09-26 09:57:00,7.63,0.09,8.257142857142856,,7.5,5,-5,0,,0,0,0,0
597,2023-09-26 09:58:00,7.67,0.1,8.314714285714286,,7.5,5,-5,0,,0,0,0,0
598,2023-09-26 09:59:00,7.71,0.1,8.372285714285711,,7.5,5,-5,0,,0,0,0,0
599,2023-09-26 10:00:00,7.76,0.11,8.429857142857143,,7.5,5,-5,0,,0,0,0,0
600,2023-09-26 10:01:00,7.8,0.12,8.48742857142857,,7.5,5,-5,0,,0,0,0,0
601,2023-09-26 10:02:00,7.83,0.11,8.522599999999999,,7.5,5,-5,0,,0,0,0,0
602,2023-09-26 10:03:00,7.85,0.1,8.557771428571428,,7.5,5,-5,0,,0,0,0,0
603,2023-09-26 10:04:00,7.88,0.1,8.592942857142859,,7.5,5,-5,0,,0,0,0,0
604,2023-09-26 10:05:00,7.91,0.09,8.628114285714286,,7.5,5,-5,0,,0,0,0,0
605,2023-09-26 10:06:00,7.93,0.08,8.663285714285712,,7.5,5,-5,0,,0,0,0,0
606,2023-09-26 10:07:00,7.96,0.07,8.698457142857144,,7.5,5,-5,0,,0,0,0,0
607,2023-09-26 10:08:00,7.99,0.06,8.733628571428572,,7.5,5,-5,0,,0,0,0,0
608,2023-09-26 10:09:00,8.01,0.06,8.7688,,7.5,5,-5,0,,0,0,0,0
609,2023-09-26 10:10:00,8.04,0.05,8.80397142857143,,7.5,5,-5,0,,0,0,0,0
610,2023-09-26 10:11:00,8.07,0.04,8.839142857142859,,7.5,5,-5,0,,0,0,0,0
611,2023-09-26 10:12:00,8.09,0.03,8.874314285714286,,7.5,5,-5,0,,0,0,0,0
612,2023-09-26 10:13:00,8.12,0.02,8.909485714285715,,7.5,5,-5,0,,0,0,0,0
613,2023-09-26 10:14:00,8.15,0.02,8.944657142857142,,7.5,5,-5,0,,0,0,0,0
614,2023-09-26 10:15:00,8.17,0.01,8.979828571428571,,7.5,5,-5,0,,0,0,0,0
615,2023-09-26 10:16:00,8.2,0.0,9.015,,7.5,5,-5,0,,0,0,0,0
616,2023-09-26 10:17:00,8.24,0.0,9.026057142857145,,7.5,5,-5,0,,0,0,0,0
617,2023-09-26 10:18:00,8.27,0.0,9.037114285714283,,7.5,5,-5,0,,0,0,0,0
618,2023-09-26 10:19:00,8.31,0.0,9.048171428571429,,7.5,5,-5,0,,0,0,0,0
619,2023-09-26 10:20:00,8.35,0.0,9.059228571428571,,7.5,5,-5,0,,0,0,0,0
620,2023-09-26 10:21:00,8.39,0.0,9.070285714285713,,7.5,5,-5,0,,0,0,0,0
621,2023-09-26 10:22:00,8.42,0.0,9.081342857142856,,7.5,5,-5,0,,0,0,0,0
622,2023-09-26 10:23:00,8.46,0.0,9.0924,,7.5,5,-5,0,,0,0,0,0
623,2023-09-26 10:24:00,8.5,0.0,9.103457142857144,,7.5,5,-5,0,,0,0,0,0
624,2023-09-26 10:25:00,8.54,0.0,9.114514285714286,,7.5,5,-5,0,,0,0,0,0
625,2023-09-26 10:26:00,8.57,0.0,9.12557142857143,,7.5,5,-5,0,,0,0,0,0
626,2023-09-26 10:27:00,8.61,0.0,9.136628571428572,,7.5,5,-5,0,,0,0,0,0
627,2023-09-26 10:28:00,8.65,0.0,9.147685714285712,,7.5,5,-5,0,,0,0,0,0
628,2023-09-26 10:29:00,8.69,0.0,9.158742857142856,,7.5,5,-5,0,,0,0,0,0
629,2023-09-26 10:30:00,8.72,0.0,9.169799999999999,,7.5,5,-5,0,,0,0,0,0
630,2023-09-26 10:31:00,8.76,0.0,9.180857142857143,,7.5,5,-5,0,,0,0,0,0
631,2023-09-26 10:32:00,8.81,0.0,9.1866,,7.5,5,-5,0,,0,0,0,0
632,2023-09-26 10:33:00,8.86,0.0,9.192342857142858,,7.5,5,-5,0,,0,0,0,0
633,2023-09-26 10:34:00,8.9,0.0,9.198085714285718,,7.5,5,-5,0,,0,0,0,0
634,2023-09-26 10:35:00,8.95,0.0,9.20382857142857,,7.5,5,-5,0,,0,0,0,0
635,2023-09-26 10:36:00,9.0,0.0,9.209571428571428,,7.5,5,-5,0,,0,0,0,0
636,2023-09-26 10:37:00,9.05,0.0,9.215314285714289,,7.5,5,-5,0,,0,0,0,0
637,2023-09-26 10:38:00,9.1,0.0,9.221057142857143,,7.5,5,-5,0,,0,0,0,0
638,2023-09-26 10:39:00,9.14,0.0,9.226799999999999,,7.5,5,-5,0,,0,0,0,0
639,2023-09-26 10:40:00,9.19,0.0,9.232542857142857,,7.5,5,-5,0,,0,0,0,0
640,2023-09-26 10:41:00,9.24,0.0,9.238285714285714,,7.5,5,-5,0,,0,0,0,0
641,2023-09-26 10:42:00,9.29,0.0,9.24402857142857,,7.5,5,-5,0,,0,0,0,0
642,2023-09-26 10:43:00,9.34,0.0,9.249771428571428,,7.5,5,-5,0,,0,0,0,0
643,2023-09-26 10:44:00,9.38,0.0,9.255514285714286,,7.5,5,-5,0,,0,0,0,0
644,2023-09-26 10:45:00,9.43,0.0,9.261257142857144,,7.5,5,-5,0,,0,0,0,0
645,2023-09-26 10:46:00,9.48,0.0,9.267,,7.5,5,-5,0,,0,0,0,0
646,2023-09-26 10:47:00,9.43,0.0,9.27062857142857,,7.5,5,-5,0,,0,0,0,0
647,2023-09-26 10:48:00,9.39,0.0,9.274257142857143,,7.5,5,-5,0,,0,0,0,0
648,2023-09-26 10:49:00,9.34,0.0,9.277885714285716,,7.5,5,-5,0,,0,0,0,0
649,2023-09-26 10:50:00,9.3,0.0,9.281514285714284,,7.5,5,-5,0,,0,0,0,0
650,2023-09-26 10:51:00,9.25,0.0,9.285142857142857,,7.5,5,-5,0,,0,0,0,0
651,2023-09-26 10:52:00,9.21,0.0,9.288771428571428,,7.5,5,-5,0,,0,0,0,0
652,2023-09-26 10:53:00,9.16,0.0,9.292399999999999,,7.5,5,-5,0,,0,0,0,0
653,2023-09-26 10:54:00,9.12,0.0,9.296028571428572,,7.5,5,-5,0,,0,0,0,0
654,2023-09-26 10:55:00,9.07,0.0,9.299657142857145,,7.5,5,-5,0,,0,0,0,0
655,2023-09-26 10:56:00,9.03,0.0,9.303285714285714,,7.5,5,-5,0,,0,0,0,0
656,2023-09-26 10:57:00,8.98,0.0,9.306914285714283,,7.5,5,-5,0,,0,0,0,0
657,2023-09-26 10:58:00,8.94,0.0,9.310542857142856,,7.5,5,-5,0,,0,0,0,0
658,2023-09-26 10:59:00,8.89,0.0,9.314171428571427,,7.5,5,-5,0,,0,0,0,0
659,2023-09-26 11:00:00,8.85,0.0,9.3178,,7.5,5,-5,0,,0,0,0,0
660,2023-09-26 11:01:00,8.8,0.0,9.321428571428573,,7.5,5,-5,0,,0,0,0,0
661,2023-09-26 11:02:00,8.83,0.0,9.3206,,7.5,5,-5,0,,0,0,0,0
662,2023-09-26 11:03:00,8.87,0.0,9.319771428571428,,7.5,5,-5,0,,0,0,0,0
663,2023-09-26 11:04:00,8.9,0.0,9.318942857142856,,7.5,5,-5,0,,0,0,0,0
664,2023-09-26 11:05:00,8.94,0.0,9.318114285714286,,7.5,5,-5,0,,0,0,0,0
665,2023-09-26 11:06:00,8.97,0.0,9.317285714285712,,7.5,5,-5,0,,0,0,0,0
666,2023-09-26 11:07:00,9.01,0.0,9.316457142857143,,7.5,5,-5,0,,0,0,0,0
667,2023-09-26 11:08:00,9.04,0.0,9.315628571428572,,7.5,5,-5,0,,0,0,0,0
668,2023-09-26 11:09:00,9.08,0.0,9.3148,,7.5,5,-5,0,,0,0,0,0
669,2023-09-26 11:10:00,9.11,0.0,9.31397142857143,,7.5,5,-5,0,,0,0,0,0
670,2023-09-26 11:11:00,9.15,0.0,9.313142857142857,,7.5,5,-5,0,,0,0,0,0
671,2023-09-26 11:12:00,9.18,0.0,9.312314285714283,,7.5,5,-5,0,,0,0,0,0
672,2023-09-26 11:13:00,9.22,0.0,9.311485714285714,,7.5,5,-5,0,,0,0,0,0
673,2023-09-26 11:14:00,9.25,0.0,9.310657142857142,,7.5,5,-5,0,,0,0,0,0
674,2023-09-26 11:15:00,9.29,0.0,9.309828571428572,,7.5,5,-5,0,,0,0,0,0
675,2023-09-26 11:16:00,9.32,0.0,9.309,,7.5,5,-5,0,,0,0,0,0
676,2023-09-26 11:17:00,9.33,0.0,9.306057142857142,,7.5,5,-5,0,,0,0,0,0
677,2023-09-26 11:18:00,9.35,0.0,9.303114285714285,,7.5,5,-5,0,,0,0,0,0
678,2023-09-26 11:19:00,9.36,0.0,9.30017142857143,,7.5,5,-5,0,,0,0,0,0
679,2023-09-26 11:20:00,9.37,0.0,9.297228571428573,,7.5,5,-5,0,,0,0,0,0
680,2023-09-26 11:21:00,9.39,0.0,9.294285714285717,,7.5,5,-5,0,,0,0,0,0
681,2023-09-26 11:22:00,9.4,0.0,9.291342857142856,,7.5,5,-5,0,,0,0,0,0
682,2023-09-26 11:23:00,9.41,0.0,9.2884,,7.5,5,-5,0,,0,0,0,0
683,2023-09-26 11:24:00,9.43,0.0,9.285457142857144,,7.5,5,-5,0,,0,0,0,0
684,2023-09-26 11:25:00,9.44,0.0,9.282514285714289,,7.5,5,-5,0,,0,0,0,0
685,2023-09-26 11:26:00,9.45,0.0,9.279571428571426,,7.5,5,-5,0,,0,0,0,0
686,2023-09-26 11:27:00,9.47,0.0,9.27662857142857,,7.5,5,-5,0,,0,0,0,0
687,2023-09-26 11:28:00,9.48,0.0,9.273685714285712,,7.5,5,-5,0,,0,0,0,0
688,2023-09-26 11:29:00,9.49,0.0,9.270742857142857,,7.5,5,-5,0,,0,0,0,0
689,2023-09-26 11:30:00,9.51,0.0,9.2678,,7.5,5,-5,0,,0,0,0,0
690,2023-09-26 11:31:00,9.52,0.0,9.264857142857142,,7.5,5,-5,0,,0,0,0,0
691,2023-09-26 11:32:00,9.54,0.0,9.25837142857143,,7.5,5,-5,0,,0,0,0,0
692,2023-09-26 11:33:00,9.57,0.0,9.251885714285715,,7.5,5,-5,0,,0,0,0,0
693,2023-09-26 11:34:00,9.59,0.0,9.2454,,7.5,5,-5,0,,0,0,0,0
694,2023-09-26 11:35:00,9.62,0.0,9.238914285714284,,7.5,5,-5,0,,0,0,0,0
695,2023-09-26 11:36:00,9.64,0.0,9.232428571428569,,7.5,5,-5,0,,0,0,0,0
696,2023-09-26 11:37:00,9.66,0.0,9.225942857142858,,7.5,5,-5,0,,0,0,0,0
697,2023-09-26 11:38:00,9.69,0.0,9.219457142857143,,7.5,5,-5,0,,0,0,0,0
698,2023-09-26 11:39:00,9.71,0.0,9.212971428571429,,7.5,5,-5,0,,0,0,0,0
699,2023-09-26 11:40:00,9.74,0.0,9.206485714285714,,7.5,5,-5,0,,0,0,0,0
700,2023-09-26 11:41:00,9.76,0.0,9.2,,7.5,5,-5,0,,0,0,0,0
701,2023-09-26 11:42:00,9.78,0.0,9.193514285714285,,7.5,5,-5,0,,0,0,0,0
702,2023-09-26 11:43:00,9.81,0.0,9.187028571428572,,7.5,5,-5,0,,0,0,0,0
703,2023-09-26 11:44:00,9.83,0.0,9.180542857142857,,7.5,5,-5,0,,0,0,0,0
704,2023-09-26 11:45:00,9.86,0.0,9.174057142857142,,7.5,5,-5,0,,0,0,0,0
705,2023-09-26 11:46:00,9.88,0.0,9.16757142857143,,7.5,5,-5,0,,0,0,0,0
706,2023-09-26 11:47:00,9.95,0.0,9.157399999999999,,7.5,5,-5,0,,0,0,0,0
707,2023-09-26 11:48:00,10.01,0.0,9.147228571428572,,7.5,5,-5,0,,0,0,0,0
708,2023-09-26 11:49:00,10.08,0.0,9.137057142857142,,7.5,5,-5,0,,0,0,0,0
709,2023-09-26 11:50:00,10.15,0.0,9.126885714285715,,7.5,5,-5,0,,0,0,0,0
710,2023-09-26 11:51:00,10.21,0.0,9.116714285714282,,7.5,5,-5,0,,0,0,0,0
711,2023-09-26 11:52:00,10.28,0.0,9.106542857142857,,7.5,5,-5,0,,0,0,0,0
712,2023-09-26 11:53:00,10.35,0.0,9.096371428571429,,7.5,5,-5,0,,0,0,0,0
713,2023-09-26 11:54:00,10.41,0.0,9.086200000000002,,7.5,5,-5,0,,0,0,0,0
714,2023-09-26 11:55:00,10.48,0.0,9.076028571428571,,7.5,5,-5,0,,0,0,0,0
715,2023-09-26 11:56:00,10.55,0.0,9.065857142857142,,7.5,5,-5,0,,0,0,0,0
716,2023-09-26 11:57:00,10.61,0.0,9.055685714285717,,7.5,5,-5,0,,0,0,0,0
717,2023-09-26 11:58:00,10.68,0.0,9.045514285714285,,7.5,5,-5,0,,0,0,0,0
718,2023-09-26 11:59:00,10.75,0.0,9.035342857142858,,7.5,5,-5,0,,0,0,0,0
719,2023-09-26 12:00:00,10.81,0.0,9.025171428571428,,7.5,5,-5,0,,0,0,0,0
720,2023-09-26 12:01:00,10.88,0.0,9.015,,7.5,5,-5,0,,0,0,0,0
721,2023-09-26 12:02:00,10.9,0.0,9.006628571428571,,7.5,5,-5,0,,0,0,0,0
722,2023-09-26 12:03:00,10.91,0.0,8.998257142857144,,7.5,5,-5,0,,0,0,0,0
723,2023-09-26 12:04:00,10.93,0.0,8.989885714285714,,7.5,5,-5,0,,0,0,0,0
724,2023-09-26 12:05:00,10.94,0.0,8.981514285714283,,7.5,5,-5,0,,0,0,0,0
725,2023-09-26 12:06:00,10.96,0.0,8.973142857142856,,7.5,5,-5,0,,0,0,0,0
726,2023-09-26 12:07:00,10.98,0.0,8.964771428571428,,7.5,5,-5,0,,0,0,0,0
727,2023-09-26 12:08:00,10.99,0.0,8.9564,,7.5,5,-5,0,,0,0,0,0
728,2023-09-26 12:09:00,11.01,0.0,8.948028571428571,,7.5,5,-5,0,,0,0,0,0
729,2023-09-26 12:10:00,11.02,0.0,8.939657142857143,,7.5,5,-5,0,,0,0,0,0
730,2023-09-26 12:11:00,11.04,0.0,8.931285714285718,,7.5,5,-5,0,,0,0,0,0
731,2023-09-26 12:12:00,11.06,0.0,8.922914285714285,,7.5,5,-5,0,,0,0,0,0
732,2023-09-26 12:13:00,11.07,0.0,8.914542857142857,,7.5,5,-5,0,,0,0,0,0
733,2023-09-26 12:14:00,11.09,0.0,8.906171428571428,,7.5,5,-5,0,,0,0,0,0
734,2023-09-26 12:15:00,11.1,0.0,8.8978,,7.5,5,-5,0,,0,0,0,0
735,2023-09-26 12:16:00,11.12,0.0,8.88942857142857,,7.5,5,-5,0,,0,0,0,0
736,2023-09-26 12:17:00,11.12,0.0,8.881057142857143,,7.5,5,-5,0,,0,0,0,0
737,2023-09-26 12:18:00,11.12,0.01,8.872685714285716,,7.5,5,-5,0,,0,0,0,0
738,2023-09-26 12:19:00,11.12,0.01,8.864314285714286,,7.5,5,-5,0,,0,0,0,0
739,2023-09-26 12:20:00,11.12,0.01,8.855942857142857,,7.5,5,-5,0,,0,0,0,0
740,2023-09-26 12:21:00,11.12,0.01,8.847571428571426,,7.5,5,-5,0,,0,0,0,0
741,2023-09-26 12:22:00,11.12,0.02,8.839199999999998,,7.5,5,-5,0,,0,0,0,0
742,2023-09-26 12:23:00,11.12,0.02,8.83082857142857,,7.5,5,-5,0,,0,0,0,0
743,2023-09-26 12:24:00,11.12,0.02,8.822457142857143,,7.5,5,-5,0,,0,0,0,0
744,2023-09-26 12:25:00,11.12,0.02,8.814085714285715,,7.5,5,-5,0,,0,0,0,0
745,2023-09-26 12:26:00,11.12,0.03,8.805714285714286,,7.5,5,-5,0,,0,0,0,0
746,2023-09-26 12:27:00,11.12,0.03,8.797342857142858,,7.5,5,-5,0,,0,0,0,0
747,2023-09-26 12:28:00,11.12,0.03,8.788971428571429,,7.5,5,-5,0,,0,0,0,0
748,2023-09-26 12:29:00,11.12,0.03,8.7806,,7.5,5,-5,0,,0,0,0,0
749,2023-09-26 12:30:00,11.12,0.04,8.772228571428572,,7.5,5,-5,0,,0,0,0,0
750,2023-09-26 12:31:00,11.12,0.04,8.763857142857143,,7.5,5,-5,0,,0,0,0,0
751,2023-09-26 12:32:00,11.11,0.04,8.750257142857143,,7.5,5,-5,0,,0,0,0,0
752,2023-09-26 12:33:00,11.1,0.03,8.736657142857142,,7.5,5,-5,0,,0,0,0,0
753,2023-09-26 12:34:00,11.09,0.03,8.723057142857142,,7.5,5,-5,0,,0,0,0,0
754,2023-09-26 12:35:00,11.08,0.03,8.709457142857143,,7.5,5,-5,0,,0,0,0,0
755,2023-09-26 12:36:00,11.07,0.03,8.695857142857141,,7.5,5,-5,0,,0,0,0,0
756,2023-09-26 12:37:00,11.06,0.02,8.682257142857143,,7.5,5,-5,0,,0,0,0,0
757,2023-09-26 12:38:00,11.05,0.02,8.668657142857143,,7.5,5,-5,0,,0,0,0,0
758,2023-09-26 12:39:00,11.03,0.02,8.655057142857142,,7.5,5,-5,0,,0,0,0,0
759,2023-09-26 12:40:00,11.02,0.02,8.641457142857144,,7.5,5,-5,0,,0,0,0,0
760,2023-09-26 12:41:00,11.01,0.01,8.627857142857144,,7.5,5,-5,0,,0,0,0,0
761,2023-09-26 12:42:00,11.0,0.01,8.614257142857143,,7.5,5,-5,0,,0,0,0,0
762,2023-09-26 12:43:00,10.99,0.01,8.600657142857143,,7.5,5,-5,0,,0,0,0,0
763,2023-09-26 12:44:00,10.98,0.01,8.587057142857144,,7.5,5,-5,0,,0,0,0,0
764,2023-09-26 12:45:00,10.97,0.0,8.573457142857142,,7.5,5,-5,0,,0,0,0,0
765,2023-09-26 12:46:00,10.96,0.0,8.559857142857144,,7.5,5,-5,0,,0,0,0,0
766,2023-09-26 12:47:00,10.94,0.0,8.542685714285716,,7.5,5,-5,0,,0,0,0,0
767,2023-09-26 12:48:00,10.91,0.0,8.525514285714285,,7.5,5,-5,0,,0,0,0,0
768,2023-09-26 12:49:00,10.89,0.0,8.508342857142857,,7.5,5,-5,0,,0,0,0,0
769,2023-09-26 12:50:00,10.86,0.0,8.491171428571429,,7.5,5,-5,0,,0,0,0,0
770,2023-09-26 12:51:00,10.84,0.0,8.474,,7.5,5,-5,0,,0,0,0,0
771,2023-09-26 12:52:00,10.82,0.0,8.45682857142857,,7.5,5,-5,0,,0,0,0,0
772,2023-09-26 12:53:00,10.79,0.0,8.439657142857142,,7.5,5,-5,0,,0,0,0,0
773,2023-09-26 12:54:00,10.77,0.0,8.422485714285715,,7.5,5,-5,0,,0,0,0,0
774,2023-09-26 12:55:00,10.74,0.0,8.405314285714287,,7.5,5,-5,0,,0,0,0,0
775,2023-09-26 12:56:00,10.72,0.0,8.388142857142855,,7.5,5,-5,0,,0,0,0,0
776,2023-09-26 12:57:00,10.7,0.0,8.37097142857143,,7.5,5,-5,0,,0,0,0,0
777,2023-09-26 12:58:00,10.67,0.0,8.353800000000001,,7.5,5,-5,0,,0,0,0,0
778,2023-09-26 12:59:00,10.65,0.0,8.336628571428571,,7.5,5,-5,0,,0,0,0,0
779,2023-09-26 13:00:00,10.62,0.0,8.319457142857143,,7.5,5,-5,0,,0,0,0,0
780,2023-09-26 13:01:00,10.6,0.0,8.302285714285714,,7.5,5,-5,0,,0,0,0,0
781,2023-09-26 13:02:00,10.6,0.0,8.28257142857143,,7.5,5,-5,0,,0,0,0,0
782,2023-09-26 13:03:00,10.59,0.0,8.262857142857143,,7.5,5,-5,0,,0,0,0,0
783,2023-09-26 13:04:00,10.59,0.0,8.243142857142857,,7.5,5,-5,0,,0,0,0,0
784,2023-09-26 13:05:00,10.59,0.0,8.22342857142857,,7.5,5,-5,0,,0,0,0,0
785,2023-09-26 13:06:00,10.59,0.0,8.203714285714286,,7.5,5,-5,0,,0,0,0,0
786,2023-09-26 13:07:00,10.58,0.0,8.184,,7.5,5,-5,0,,0,0,0,0
787,2023-09-26 13:08:00,10.58,0.0,8.164285714285716,,7.5,5,-5,0,,0,0,0,0
788,2023-09-26 13:09:00,10.58,0.0,8.144571428571426,,7.5,5,-5,0,,0,0,0,0
789,2023-09-26 13:10:00,10.58,0.0,8.124857142857143,,7.5,5,-5,0,,0,0,0,0
790,2023-09-26 13:11:00,10.57,0.0,8.105142857142857,,7.5,5,-5,0,,0,0,0,0
791,2023-09-26 13:12:00,10.57,0.0,8.085428571428574,,7.5,5,-5,0,,0,0,0,0
792,2023-09-26 13:13:00,10.57,0.0,8.065714285714284,,7.5,5,-5,0,,0,0,0,0
793,2023-09-26 13:14:00,10.57,0.0,8.046,,7.5,5,-5,0,,0,0,0,0
794,2023-09-26 13:15:00,10.56,0.0,8.026285714285716,,7.5,5,-5,0,,0,0,0,0
795,2023-09-26 13:16:00,10.56,0.0,8.00657142857143,,7.5,5,-5,0,,0,0,0,0
796,2023-09-26 13:17:00,10.55,0.0,7.983542857142856,,7.5,5,-5,0,,0,0,0,0
797,2023-09-26 13:18:00,10.53,0.0,7.960514285714285,,7.5,5,-5,0,,0,0,0,0
798,2023-09-26 13:19:00,10.52,0.0,7.937485714285715,,7.5,5,-5,0,,0,0,0,0
799,2023-09-26 13:20:00,10.51,0.0,7.914457142857143,,7.5,5,-5,0,,0,0,0,0
800,2023-09-26 13:21:00,10.49,0.0,7.891428571428571,,7.5,5,-5,0,,0,0,0,0
801,2023-09-26 13:22:00,10.48,0.0,7.868399999999999,,7.5,5,-5,0,,0,0,0,0
802,2023-09-26 13:23:00,10.47,0.0,7.845371428571426,,7.5,5,-5,0,,0,0,0,0
803,2023-09-26 13:24:00,10.45,0.0,7.822342857142857,,7.5,5,-5,0,,0,0,0,0
804,2023-09-26 13:25:00,10.44,0.0,7.799314285714288,,7.5,5,-5,0,,0,0,0,0
805,2023-09-26 13:26:00,10.43,0.0,7.776285714285716,,7.5,5,-5,0,,0,0,0,0
806,2023-09-26 13:27:00,10.41,0.0,7.7532571428571435,,7.5,5,-5,0,,0,0,0,0
807,2023-09-26 13:28:00,10.4,0.0,7.730228571428571,,7.5,5,-5,0,,0,0,0,0
808,2023-09-26 13:29:00,10.39,0.0,7.707200000000002,,7.5,5,-5,0,,0,0,0,0
809,2023-09-26 13:30:00,10.37,0.0,7.68417142857143,,7.5,5,-5,0,,0,0,0,0
810,2023-09-26 13:31:00,10.36,0.0,7.661142857142857,,7.5,5,-5,0,,0,0,0,0
811,2023-09-26 13:32:00,10.33,0.0,7.635257142857143,,7.5,5,-5,0,,0,0,0,0
812,2023-09-26 13:33:00,10.3,0.0,7.609371428571429,,7.5,5,-5,0,,0,0,0,0
813,2023-09-26 13:34:00,10.26,0.0,7.583485714285715,,7.5,5,-5,0,,0,0,0,0
814,2023-09-26 13:35:00,10.23,0.0,7.557600000000001,,7.5,5,-5,0,,0,0,0,0
815,2023-09-26 13:36:00,10.2,0.0,7.531714285714284,,7.5,5,-5,0,,0,0,0,0
816,2023-09-26 13:37:00,10.17,0.0,7.50582857142857,,7.5,5,-5,0,,0,0,0,0
817,2023-09-26 13:38:00,10.14,0.0,7.479942857142857,,7.5,5,-5,0,,0,0,0,0
818,2023-09-26 13:39:00,10.1,0.0,7.454057142857142,,7.5,5,-5,0,,0,0,0,0
819,2023-09-26 13:40:00,10.07,0.0,7.42817142857143,,7.5,5,-5,0,,0,0,0,0
820,2023-09-26 13:41:00,10.04,0.0,7.402285714285714,,7.5,5,-5,0,,0,0,0,0
821,2023-09-26 13:42:00,10.01,0.0,7.3763999999999985,,7.5,5,-5,0,,0,0,0,0
822,2023-09-26 13:43:00,9.98,0.0,7.350514285714285,,7.5,5,-5,0,,0,0,0,0
823,2023-09-26 13:44:00,9.94,0.0,7.324628571428571,,7.5,5,-5,0,,0,0,0,0
824,2023-09-26 13:45:00,9.91,0.0,7.298742857142856,,7.5,5,-5,0,,0,0,0,0
825,2023-09-26 13:46:00,9.88,0.0,7.272857142857142,,7.5,5,-5,0,,0,0,0,0
826,2023-09-26 13:47:00,9.87,0.0,7.244657142857143,,7.5,5,-5,0,,0,0,0,0
827,2023-09-26 13:48:00,9.86,0.0,7.216457142857142,,7.5,5,-5,0,,0,0,0,0
828,2023-09-26 13:49:00,9.86,0.0,7.188257142857143,,7.5,5,-5,0,,0,0,0,0
829,2023-09-26 13:50:00,9.85,0.0,7.160057142857144,,7.5,5,-5,0,,0,0,0,0
830,2023-09-26 13:51:00,9.84,0.0,7.131857142857143,,7.5,5,-5,0,,0,0,0,0
831,2023-09-26 13:52:00,9.83,0.0,7.103657142857143,,7.5,5,-5,0,,0,0,0,0
832,2023-09-26 13:53:00,9.82,0.0,7.075457142857143,,7.5,5,-5,0,,0,0,0,0
833,2023-09-26 13:54:00,9.82,0.0,7.047257142857143,,7.5,5,-5,0,,0,0,0,0
834,2023-09-26 13:55:00,9.81,0.0,7.019057142857142,,7.5,5,-5,0,,0,0,0,0
835,2023-09-26 13:56:00,9.8,0.0,6.990857142857143,,7.5,5,-5,0,,0,0,0,0
836,2023-09-26 13:57:00,9.79,0.0,6.962657142857143,,7.5,5,-5,0,,0,0,0,0
837,2023-09-26 13:58:00,9.78,0.0,6.934457142857143,,7.5,5,-5,0,,0,0,0,0
838,2023-09-26 13:59:00,9.78,0.0,6.906257142857144,,7.5,5,-5,0,,0,0,0,0
839,2023-09-26 14:00:00,9.77,0.0,6.878057142857144,,7.5,5,-5,0,,0,0,0,0
840,2023-09-26 14:01:00,9.76,0.0,6.849857142857143,,7.5,5,-5,0,,0,0,0,0
841,2023-09-26 14:02:00,9.74,0.0,6.818085714285714,,7.5,5,-5,0,,0,0,0,0
842,2023-09-26 14:03:00,9.72,0.0,6.786314285714288,,7.5,5,-5,0,,0,0,0,0
843,2023-09-26 14:04:00,9.7,0.0,6.754542857142857,,7.5,5,-5,0,,0,0,0,0
844,2023-09-26 14:05:00,9.69,0.0,6.722771428571428,,7.5,5,-5,0,,0,0,0,0
845,2023-09-26 14:06:00,9.67,0.0,6.691000000000001,,7.5,5,-5,0,,0,0,0,0
846,2023-09-26 14:07:00,9.65,0.0,6.659228571428572,,7.5,5,-5,0,,0,0,0,0
847,2023-09-26 14:08:00,9.63,0.0,6.627457142857144,,7.5,5,-5,0,,0,0,0,0
848,2023-09-26 14:09:00,9.61,0.0,6.595685714285715,,7.5,5,-5,0,,0,0,0,0
849,2023-09-26 14:10:00,9.59,0.0,6.5639142857142865,,7.5,5,-5,0,,0,0,0,0
850,2023-09-26 14:11:00,9.57,0.0,6.532142857142857,,7.5,5,-5,0,,0,0,0,0
851,2023-09-26 14:12:00,9.55,0.0,6.500371428571429,,7.5,5,-5,0,,0,0,0,0
852,2023-09-26 14:13:00,9.54,0.0,6.4686,,7.5,5,-5,0,,0,0,0,0
853,2023-09-26 14:14:00,9.52,0.0,6.4368285714285705,,7.5,5,-5,0,,0,0,0,0
854,2023-09-26 14:15:00,9.5,0.0,6.405057142857144,,7.5,5,-5,0,,0,0,0,0
855,2023-09-26 14:16:00,9.48,0.0,6.373285714285716,,7.5,5,-5,0,,0,0,0,0
856,2023-09-26 14:17:00,9.45,0.0,6.34017142857143,,7.5,5,-5,0,,0,0,0,0
857,2023-09-26 14:18:00,9.43,0.0,6.307057142857144,,7.5,5,-5,0,,0,0,0,0
858,2023-09-26 14:19:00,9.4,0.0,6.273942857142858,,7.5,5,-5,0,,0,0,0,0
859,2023-09-26 14:20:00,9.37,0.0,6.240828571428571,,7.5,5,-5,0,,0,0,0,0
860,2023-09-26 14:21:00,9.35,0.0,6.2077142857142835,,7.5,5,-5,0,,0,0,0,0
861,2023-09-26 14:22:00,9.32,0.0,6.174599999999999,,7.5,5,-5,0,,0,0,0,0
862,2023-09-26 14:23:00,9.29,0.0,6.141485714285714,,7.5,5,-5,0,,0,0,0,0
863,2023-09-26 14:24:00,9.27,0.0,6.10837142857143,,7.5,5,-5,0,,0,0,0,0
864,2023-09-26 14:25:00,9.24,0.0,6.075257142857144,,7.5,5,-5,0,,0,0,0,0
865,2023-09-26 14:26:00,9.21,0.0,6.042142857142858,,7.5,5,-5,0,,0,0,0,0
866,2023-09-26 14:27:00,9.19,0.0,6.009028571428572,,7.5,5,-5,0,,0,0,0,0
867,2023-09-26 14:28:00,9.16,0.0,5.975914285714285,,7.5,5,-5,0,,0,0,0,0
868,2023-09-26 14:29:00,9.13,0.0,5.9428,,7.5,5,-5,0,,0,0,0,0
869,2023-09-26 14:30:00,9.11,0.0,5.909685714285713,,7.5,5,-5,0,,0,0,0,0
870,2023-09-26 14:31:00,9.08,0.0,5.876571428571428,,7.5,5,-5,0,,0,0,0,0
871,2023-09-26 14:32:00,9.04,0.0,5.839542857142857,,7.5,5,-5,0,,0,0,0,0
872,2023-09-26 14:33:00,9.01,0.0,5.8025142857142855,,7.5,5,-5,0,,0,0,0,0
873,2023-09-26 14:34:00,8.97,0.0,5.765485714285714,,7.5,5,-5,0,,0,0,0,0
874,2023-09-26 14:35:00,8.93,0.0,5.728457142857144,,7.5,5,-5,0,,0,0,0,0
875,2023-09-26 14:36:00,8.89,0.0,5.691428571428571,,7.5,5,-5,0,,0,0,0,0
876,2023-09-26 14:37:00,8.86,0.0,5.654400000000002,,7.5,5,-5,0,,0,0,0,0
877,2023-09-26 14:38:00,8.82,0.0,5.617371428571429,,7.5,5,-5,0,,0,0,0,0
878,2023-09-26 14:39:00,8.78,0.0,5.580342857142857,,7.5,5,-5,0,,0,0,0,0
879,2023-09-26 14:40:00,8.74,0.0,5.543314285714286,,7.5,5,-5,0,,0,0,0,0
880,2023-09-26 14:41:00,8.71,0.0,5.506285714285716,,7.5,5,-5,0,,0,0,0,0
881,2023-09-26 14:42:00,8.67,0.0,5.469257142857143,,7.5,5,-5,0,,0,0,0,0
882,2023-09-26 14:43:00,8.63,0.0,5.432228571428571,,7.5,5,-5,0,,0,0,0,0
883,2023-09-26 14:44:00,8.59,0.0,5.3952,,7.5,5,-5,0,,0,0,0,0
884,2023-09-26 14:45:00,8.56,0.0,5.358171428571428,,7.5,5,-5,0,,0,0,0,0
885,2023-09-26 14:46:00,8.52,0.0,5.321142857142857,,7.5,5,-5,0,,0,0,0,0
886,2023-09-26 14:47:00,8.48,0.0,5.281857142857144,,7.5,5,-5,0,,0,0,0,0
887,2023-09-26 14:48:00,8.43,0.01,5.242571428571429,,7.5,5,-5,0,,0,0,0,0
888,2023-09-26 14:49:00,8.39,0.01,5.203285714285714,,7.5,5,-5,0,,0,0,0,0
889,2023-09-26 14:50:00,8.35,0.01,5.164000000000001,,7.5,5,-5,0,,0,0,0,0
890,2023-09-26 14:51:00,8.31,0.01,5.124714285714285,,7.5,5,-5,0,,0,0,0,0
891,2023-09-26 14:52:00,8.26,0.02,5.085428571428571,,7.5,5,-5,0,,0,0,0,0
892,2023-09-26 14:53:00,8.22,0.02,5.046142857142859,,7.5,5,-5,0,,0,0,0,0
893,2023-09-26 14:54:00,8.18,0.02,5.006857142857141,,7.5,5,-5,0,,0,0,0,0
894,2023-09-26 14:55:00,8.14,0.02,4.9675714285714285,,7.5,5,-5,0,,0,0,0,0
895,2023-09-26 14:56:00,8.09,0.03,4.928285714285716,,7.5,5,-5,0,,0,0,0,0
896,2023-09-26 14:57:00,8.05,0.03,4.888999999999999,,7.5,5,-5,0,,0,0,0,0
897,2023-09-26 14:58:00,8.01,0.03,4.849714285714286,,7.5,5,-5,0,,0,0,0,0
898,2023-09-26 14:59:00,7.97,0.03,4.810428571428574,,7.5,5,-5,0,,0,0,0,0
899,2023-09-26 15:00:00,7.92,0.04,4.771142857142856,,7.5,5,-5,0,,0,0,0,0
900,2023-09-26 15:01:00,7.88,0.04,4.731857142857143,,7.5,5,-5,0,,0,0,0,0
901,2023-09-26 15:02:00,7.82,0.04,4.6898285714285715,,7.5,5,-5,0,,0,0,0,0
902,2023-09-26 15:03:00,7.77,0.05,4.6478,,7.5,5,-5,0,,0,0,0,0
903,2023-09-26 15:04:00,7.71,0.05,4.605771428571428,,7.5,5,-5,0,,0,0,0,0
904,2023-09-26 15:05:00,7.66,0.05,4.5637428571428575,,7.5,5,-5,0,,0,0,0,0
905,2023-09-26 15:06:00,7.6,0.05,4.521714285714285,,7.5,5,-5,0,,0,0,0,0
906,2023-09-26 15:07:00,7.54,0.06,4.479685714285714,,7.5,5,-5,0,,0,0,0,0
907,2023-09-26 15:08:00,7.49,0.06,4.437657142857142,,7.5,5,-5,0,,0,0,0,0
908,2023-09-26 15:09:00,7.43,0.06,4.395628571428571,,7.5,5,-5,0,,0,0,0,0
909,2023-09-26 15:10:00,7.38,0.06,4.3536,,7.5,5,-5,0,,0,0,0,0
910,2023-09-26 15:11:00,7.32,0.07,4.311571428571429,,7.5,5,-5,0,,0,0,0,0
911,2023-09-26 15:12:00,7.26,0.07,4.2695428571428575,,7.5,5,-5,0,,0,0,0,0
912,2023-09-26 15:13:00,7.21,0.07,4.227514285714285,,7.5,5,-5,0,,0,0,0,0
913,2023-09-26 15:14:00,7.15,0.07,4.185485714285715,,7.5,5,-5,0,,0,0,0,0
914,2023-09-26 15:15:00,7.1,0.08,4.143457142857143,,7.5,5,-5,0,,0,0,0,0
915,2023-09-26 15:16:00,7.04,0.08,4.101428571428571,,7.5,5,-5,0,,0,0,0,0
916,2023-09-26 15:17:00,6.98,0.07,4.053485714285714,,7.5,5,-5,0,,0,0,0,0
917,2023-09-26 15:18:00,6.92,0.07,4.005542857142858,,7.5,5,-5,0,,0,0,0,0
918,2023-09-26 15:19:00,6.86,0.06,3.9576,,7.5,5,-5,0,,0,0,0,0
919,2023-09-26 15:20:00,6.79,0.06,3.9096571428571427,,7.5,5,-5,0,,0,0,0,0
920,2023-09-26 15:21:00,6.73,0.05,3.861714285714285,,7.5,5,-5,0,,0,0,0,0
921,2023-09-26 15:22:00,6.67,0.05,3.813771428571428,,7.5,5,-5,0,,0,0,0,0
922,2023-09-26 15:23:00,6.61,0.04,3.7658285714285715,,7.5,5,-5,0,,0,0,0,0
923,2023-09-26 15:24:00,6.55,0.04,3.7178857142857145,,7.5,5,-5,0,,0,0,0,0
924,2023-09-26 15:25:00,6.49,0.03,3.6699428571428574,,7.5,5,-5,0,,0,0,0,0
925,2023-09-26 15:26:00,6.43,0.03,3.622000000000001,,7.5,5,-5,0,,0,0,0,0
926,2023-09-26 15:27:00,6.37,0.02,3.5740571428571433,,7.5,5,-5,0,,0,0,0,0
927,2023-09-26 15:28:00,6.3,0.02,3.5261142857142858,,7.5,5,-5,0,,0,0,0,0
928,2023-09-26 15:29:00,6.24,0.01,3.4781714285714287,,7.5,5,-5,0,,0,0,0,0
929,2023-09-26 15:30:00,6.18,0.01,3.4302285714285716,,7.5,5,-5,0,,0,0,0,0
930,2023-09-26 15:31:00,6.12,0.0,3.382285714285714,,7.5,5,-5,0,,0,0,0,0
931,2023-09-26 15:32:00,6.06,0.0,3.3380000000000005,,7.5,5,-5,0,,0,0,0,0
932,2023-09-26 15:33:00,6.0,0.0,3.293714285714285,,7.5,5,-5,0,,0,0,0,0
933,2023-09-26 15:34:00,5.94,0.0,3.2494285714285716,,7.5,5,-5,0,,0,0,0,0
934,2023-09-26 15:35:00,5.89,0.0,3.205142857142857,,7.5,5,-5,0,,0,0,0,0
935,2023-09-26 15:36:00,5.83,0.0,3.1608571428571417,,7.5,5,-5,0,,0,0,0,0
936,2023-09-26 15:37:00,5.77,0.0,3.1165714285714285,,7.5,5,-5,0,,0,0,0,0
937,2023-09-26 15:38:00,5.71,0.0,3.0722857142857145,,7.5,5,-5,0,,0,0,0,0
938,2023-09-26 15:39:00,5.65,0.0,3.0279999999999996,,7.5,5,-5,0,,0,0,0,0
939,2023-09-26 15:40:00,5.59,0.0,2.983714285714286,,7.5,5,-5,0,,0,0,0,0
940,2023-09-26 15:41:00,5.53,0.0,2.9394285714285715,,7.5,5,-5,0,,0,0,0,0
941,2023-09-26 15:42:00,5.47,0.0,2.895142857142857,,7.5,5,-5,0,,0,0,0,0
942,2023-09-26 15:43:00,5.42,0.0,2.850857142857143,,7.5,5,-5,0,,0,0,0,0
943,2023-09-26 15:44:00,5.36,0.0,2.806571428571429,,7.5,5,-5,0,,0,0,0,0
944,2023-09-26 15:45:00,5.3,0.0,2.7622857142857145,,7.5,5,-5,0,,0,0,0,0
945,2023-09-26 15:46:00,5.24,0.0,2.718,,7.5,5,-5,0,,0,0,0,0
946,2023-09-26 15:47:00,5.16,0.0,2.672971428571428,,7.5,5,-5,0,,0,0,0,0
947,2023-09-26 15:48:00,5.09,0.0,2.627942857142857,,7.5,5,-5,0,,0,0,0,0
948,2023-09-26 15:49:00,5.01,0.0,2.5829142857142857,,7.5,5,-5,0,,0,0,0,0
949,2023-09-26 15:50:00,4.93,0.0,2.5378857142857147,,7.5,5,-5,0,,0,0,0,0
950,2023-09-26 15:51:00,4.85,0.0,2.492857142857144,,7.5,5,-5,0,,0,0,0,0
951,2023-09-26 15:52:00,4.78,0.0,2.447828571428572,,7.5,5,-5,0,,0,0,0,0
952,2023-09-26 15:53:00,4.7,0.0,2.4028,,7.5,5,-5,0,,0,0,0,0
953,2023-09-26 15:54:00,4.62,0.0,2.357771428571429,,7.5,5,-5,0,,0,0,0,0
954,2023-09-26 15:55:00,4.54,0.0,2.312742857142857,,7.5,5,-5,0,,0,0,0,0
955,2023-09-26 15:56:00,4.47,0.0,2.267714285714286,,7.5,5,-5,0,,0,0,0,0
956,2023-09-26 15:57:00,4.39,0.0,2.2226857142857144,,7.5,5,-5,0,,0,0,0,0
957,2023-09-26 15:58:00,4.31,0.0,2.177657142857143,,7.5,5,-5,0,,0,0,0,0
958,2023-09-26 15:59:00,4.23,0.0,2.1326285714285715,,7.5,5,-5,0,,0,0,0,0
959,2023-09-26 16:00:00,4.16,0.0,2.0876,,7.5,5,-5,0,,0,0,0,0
960,2023-09-26 16:01:00,4.08,0.0,2.0425714285714287,,7.5,5,-5,0,,0,0,0,0
961,2023-09-26 16:02:00,3.93,0.0,1.9991142857142856,,7.5,5,-5,0,,0,0,0,0
962,2023-09-26 16:03:00,3.78,0.0,1.9556571428571425,,7.5,5,-5,0,,0,0,0,0
963,2023-09-26 16:04:00,3.63,0.0,1.9122000000000001,,7.5,5,-5,0,,0,0,0,0
964,2023-09-26 16:05:00,3.48,0.0,1.868742857142857,,7.5,5,-5,0,,0,0,0,0
965,2023-09-26 16:06:00,3.33,0.0,1.8252857142857144,,7.5,5,-5,0,,0,0,0,0
966,2023-09-26 16:07:00,3.18,0.0,1.7818285714285713,,7.5,5,-5,0,,0,0,0,0
967,2023-09-26 16:08:00,3.03,0.0,1.7383714285714287,,7.5,5,-5,0,,0,0,0,0
968,2023-09-26 16:09:00,2.89,0.0,1.6949142857142858,,7.5,5,-5,0,,0,0,0,0
969,2023-09-26 16:10:00,2.74,0.0,1.6514571428571425,,7.5,5,-5,0,,0,0,0,0
970,2023-09-26 16:11:00,2.59,0.0,1.608,,7.5,5,-5,0,,0,0,0,0
971,2023-09-26 16:12:00,2.44,0.0,1.564542857142857,,7.5,5,-5,0,,0,0,0,0
972,2023-09-26 16:13:00,2.29,0.0,1.5210857142857142,,7.5,5,-5,0,,0,0,0,0
973,2023-09-26 16:14:00,2.14,0.0,1.4776285714285713,,7.5,5,-5,0,,0,0,0,0
974,2023-09-26 16:15:00,1.99,0.0,1.4341714285714287,,7.5,5,-5,0,,0,0,0,0
975,2023-09-26 16:16:00,1.84,0.0,1.3907142857142856,,7.5,5,-5,0,,0,0,0,0
976,2023-09-26 16:17:00,1.76,0.0,1.3518857142857146,,7.5,5,-5,0,,0,0,0,0
977,2023-09-26 16:18:00,1.67,0.01,1.313057142857143,,7.5,5,-5,0,,0,0,0,0
978,2023-09-26 16:19:00,1.59,0.01,1.2742285714285713,,7.5,5,-5,0,,0,0,0,0
979,2023-09-26 16:20:00,1.51,0.01,1.2354,,7.5,5,-5,0,,0,0,0,0
980,2023-09-26 16:21:00,1.43,0.01,1.1965714285714286,,7.5,5,-5,0,,0,0,0,0
981,2023-09-26 16:22:00,1.34,0.02,1.1577428571428572,,7.5,5,-5,0,,0,0,0,0
982,2023-09-26 16:23:00,1.26,0.02,1.1189142857142858,,7.5,5,-5,0,,0,0,0,0
983,2023-09-26 16:24:00,1.18,0.02,1.080085714285714,,7.5,5,-5,0,,0,0,0,0
984,2023-09-26 16:25:00,1.1,0.02,1.0412571428571427,,7.5,5,-5,0,,0,0,0,0
985,2023-09-26 16:26:00,1.01,0.03,1.0024285714285712,,7.5,5,-5,0,,0,0,0,0
986,2023-09-26 16:27:00,0.93,0.03,0.9636,,7.5,5,-5,0,,0,0,0,0
987,2023-09-26 16:28:00,0.85,0.03,0.9247714285714287,,7.5,5,-5,0,,0,0,0,0
988,2023-09-26 16:29:00,0.77,0.03,0.885942857142857,,7.5,5,-5,0,,0,0,0,0
989,2023-09-26 16:30:00,0.68,0.04,0.8471142857142855,,7.5,5,-5,0,,0,0,0,0
990,2023-09-26 16:31:00,0.6,0.04,0.8082857142857143,,7.5,5,-5,0,,0,0,0,0
991,2023-09-26 16:32:00,0.56,0.07,0.777257142857143,,7.5,5,-5,0,,0,0,0,0
992,2023-09-26 16:33:00,0.53,0.1,0.7462285714285715,,7.5,5,-5,0,,0,0,0,0
993,2023-09-26 16:34:00,0.49,0.14,0.7152000000000001,,7.5,5,-5,0,,0,0,0,0
994,2023-09-26 16:35:00,0.45,0.17,0.6841714285714285,,7.5,5,-5,0,,0,0,0,0
995,2023-09-26 16:36:00,0.41,0.2,0.6531428571428571,,7.5,5,-5,0,,0,0,0,0
996,2023-09-26 16:37:00,0.38,0.23,0.6221142857142856,,7.5,5,-5,0,,0,0,0,0
997,2023-09-26 16:38:00,0.34,0.26,0.5910857142857143,,7.5,5,-5,0,,0,0,0,0
998,2023-09-26 16:39:00,0.3,0.3,0.5600571428571428,,7.5,5,-5,0,,0,0,0,0
999,2023-09-26 16:40:00,0.26,0.33,0.5290285714285715,,7.5,5,-5,0,,0,0,0,0
1000,2023-09-26 16:41:00,0.23,0.36,0.49800000000000005,,7.5,5,-5,0,,0,0,0,0
1001,2023-09-26 16:42:00,0.19,0.39,0.46697142857142854,,7.5,5,-5,0,,0,0,0,0
1002,2023-09-26 16:43:00,0.15,0.42,0.43594285714285724,,7.5,5,-5,0,,0,0,0,0
1003,2023-09-26 16:44:00,0.11,0.46,0.40491428571428567,,7.5,5,-5,0,,0,0,0,0
1004,2023-09-26 16:45:00,0.08,0.49,0.37388571428571427,,7.5,5,-5,0,,0,0,0,0
1005,2023-09-26 16:46:00,0.04,0.52,0.3428571428571429,,7.5,5,-5,0,,0,0,0,0
1006,2023-09-26 16:47:00,0.04,0.53,0.32385714285714284,,7.5,5,-5,0,,0,0,0,0
1007,2023-09-26 16:48:00,0.03,0.53,0.30485714285714294,,7.5,5,-5,0,,0,0,0,0
1008,2023-09-26 16:49:00,0.03,0.54,0.2858571428571428,,7.5,5,-5,0,,0,0,0,0
1009,2023-09-26 16:50:00,0.03,0.54,0.26685714285714285,,7.5,5,-5,0,,0,0,0,0
1010,2023-09-26 16:51:00,0.03,0.55,0.24785714285714283,,7.5,5,-5,0,,0,0,0,0
1011,2023-09-26 16:52:00,0.02,0.55,0.22885714285714287,,7.5,5,-5,0,,0,0,0,0
1012,2023-09-26 16:53:00,0.02,0.56,0.20985714285714283,,7.5,5,-5,0,,0,0,0,0
1013,2023-09-26 16:54:00,0.02,0.56,0.19085714285714284,,7.5,5,-5,0,,0,0,0,0
1014,2023-09-26 16:55:00,0.02,0.57,0.17185714285714287,,7.5,5,-5,0,,0,0,0,0
1015,2023-09-26 16:56:00,0.01,0.57,0.15285714285714286,,7.5,5,-5,0,,0,0,0,0
1016,2023-09-26 16:57:00,0.01,0.58,0.13385714285714287,,7.5,5,-5,0,,0,0,0,0
1017,2023-09-26 16:58:00,0.01,0.58,0.11485714285714287,,7.5,5,-5,0,,0,0,0,0
1018,2023-09-26 16:59:00,0.01,0.59,0.09585714285714285,,7.5,5,-5,0,,0,0,0,0
1019,2023-09-26 17:00:00,0.0,0.59,0.0768571428571428,,7.5,5,-5,0,,0,0,0,0
1020,2023-09-26 17:01:00,0.0,0.6,0.057857142857142864,,7.5,5,-5,0,,0,0,0,0
1021,2023-09-26 17:02:00,0.0,0.59,0.054,,7.5,5,-5,0,,0,0,0,0
1022,2023-09-26 17:03:00,0.0,0.59,0.05014285714285714,,7.5,5,-5,0,,0,0,0,0
1023,2023-09-26 17:04:00,0.0,0.58,0.04628571428571429,,7.5,5,-5,0,,0,0,0,0
1024,2023-09-26 17:05:00,0.0,0.58,0.042428571428571434,,7.5,5,-5,0,,0,0,0,0
1025,2023-09-26 17:06:00,0.0,0.57,0.03857142857142858,,7.5,5,-5,0,,0,0,0,0
1026,2023-09-26 17:07:00,0.0,0.57,0.03471428571428572,,7.5,5,-5,0,,0,0,0,0
1027,2023-09-26 17:08:00,0.0,0.56,0.030857142857142854,,7.5,5,-5,0,,0,0,0,0
1028,2023-09-26 17:09:00,0.0,0.56,0.027,,7.5,5,-5,0,,0,0,0,0
1029,2023-09-26 17:10:00,0.0,0.55,0.023142857142857146,,7.5,5,-5,0,,0,0,0,0
1030,2023-09-26 17:11:00,0.0,0.55,0.01928571428571429,,7.5,5,-5,0,,0,0,0,0
1031,2023-09-26 17:12:00,0.0,0.54,0.015428571428571427,,7.5,5,-5,0,,0,0,0,0
1032,2023-09-26 17:13:00,0.0,0.54,0.011571428571428573,,7.5,5,-5,0,,0,0,0,0
1033,2023-09-26 17:14:00,0.0,0.53,0.0077142857142857135,,7.5,5,-5,0,,0,0,0,0
1034,2023-09-26 17:15:00,0.0,0.53,0.0038571428571428567,,7.5,5,-5,0,,0,0,0,0
1035,2023-09-26 17:16:00,0.0,0.52,0.0,,7.5,5,-5,0,,0,0,0,0
1036,2023-09-26 17:17:00,0.0,0.52,0.0,,7.5,5,-5,0,,0,0,0,0
1037,2023-09-26 17:18:00,0.0,0.52,0.0,,7.5,5,-5,0,,0,0,0,0
1038,2023-09-26 17:19:00,0.0,0.52,0.0,,7.5,5,-5,0,,0,0,0,0
1039,2023-09-26 17:20:00,0.0,0.52,0.0,,7.5,5,-5,0,,0,0,0,0
1040,2023-09-26 17:21:00,0.0,0.52,0.0,,7.5,5,-5,0,,0,0,0,0
1041,2023-09-26 17:22:00,0.0,0.52,0.0,,7.5,5,-5,0,,0,0,0,0
1042,2023-09-26 17:23:00,0.0,0.52,0.0,,7.5,5,-5,0,,0,0,0,0
1043,2023-09-26 17:24:00,0.0,0.52,0.0,,7.5,5,-5,0,,0,0,0,0
1044,2023-09-26 17:25:00,0.0,0.52,0.0,,7.5,5,-5,0,,0,0,0,0
1045,2023-09-26 17:26:00,0.0,0.52,0.0,,7.5,5,-5,0,,0,0,0,0
1046,2023-09-26 17:27:00,0.0,0.52,0.0,,7.5,5,-5,0,,0,0,0,0
1047,2023-09-26 17:28:00,0.0,0.52,0.0,,7.5,5,-5,0,,0,0,0,0
1048,2023-09-26 17:29:00,0.0,0.52,0.0,,7.5,5,-5,0,,0,0,0,0
1049,2023-09-26 17:30:00,0.0,0.52,0.0,,7.5,5,-5,0,,0,0,0,0
1050,2023-09-26 17:31:00,0.0,0.52,0.0,,7.5,5,-5,0,,0,0,0,0
1051,2023-09-26 17:32:00,0.0,0.51,0.0,,7.5,5,-5,0,,0,0,0,0
1052,2023-09-26 17:33:00,0.0,0.51,0.0,,7.5,5,-5,0,,0,0,0,0
1053,2023-09-26 17:34:00,0.0,0.5,0.0,,7.5,5,-5,0,,0,0,0,0
1054,2023-09-26 17:35:00,0.0,0.5,0.0,,7.5,5,-5,0,,0,0,0,0
1055,2023-09-26 17:36:00,0.0,0.49,0.0,,7.5,5,-5,0,,0,0,0,0
1056,2023-09-26 17:37:00,0.0,0.49,0.0,,7.5,5,-5,0,,0,0,0,0
1057,2023-09-26 17:38:00,0.0,0.48,0.0,,7.5,5,-5,0,,0,0,0,0
1058,2023-09-26 17:39:00,0.0,0.48,0.0,,7.5,5,-5,0,,0,0,0,0
1059,2023-09-26 17:40:00,0.0,0.47,0.0,,7.5,5,-5,0,,0,0,0,0
1060,2023-09-26 17:41:00,0.0,0.47,0.0,,7.5,5,-5,0,,0,0,0,0
1061,2023-09-26 17:42:00,0.0,0.46,0.0,,7.5,5,-5,0,,0,0,0,0
1062,2023-09-26 17:43:00,0.0,0.46,0.0,,7.5,5,-5,0,,0,0,0,0
1063,2023-09-26 17:44:00,0.0,0.45,0.0,,7.5,5,-5,0,,0,0,0,0
1064,2023-09-26 17:45:00,0.0,0.45,0.0,,7.5,5,-5,0,,0,0,0,0
1065,2023-09-26 17:46:00,0.0,0.44,0.0,,7.5,5,-5,0,,0,0,0,0
1066,2023-09-26 17:47:00,0.0,0.47,0.0,,7.5,5,-5,0,,0,0,0,0
1067,2023-09-26 17:48:00,0.0,0.5,0.0,,7.5,5,-5,0,,0,0,0,0
1068,2023-09-26 17:49:00,0.0,0.53,0.0,,7.5,5,-5,0,,0,0,0,0
1069,2023-09-26 17:50:00,0.0,0.56,0.0,,7.5,5,-5,0,,0,0,0,0
1070,2023-09-26 17:51:00,0.0,0.59,0.0,,7.5,5,-5,0,,0,0,0,0
1071,2023-09-26 17:52:00,0.0,0.62,0.0,,7.5,5,-5,0,,0,0,0,0
1072,2023-09-26 17:53:00,0.0,0.65,0.0,,7.5,5,-5,0,,0,0,0,0
1073,2023-09-26 17:54:00,0.0,0.67,0.0,,7.5,5,-5,0,,0,0,0,0
1074,2023-09-26 17:55:00,0.0,0.7,0.0,,7.5,5,-5,0,,0,0,0,0
1075,2023-09-26 17:56:00,0.0,0.73,0.0,,7.5,5,-5,0,,0,0,0,0
1076,2023-09-26 17:57:00,0.0,0.76,0.0,,7.5,5,-5,0,,0,0,0,0
1077,2023-09-26 17:58:00,0.0,0.79,0.0,,7.5,5,-5,0,,0,0,0,0
1078,2023-09-26 17:59:00,0.0,0.82,0.0,,7.5,5,-5,0,,0,0,0,0
1079,2023-09-26 18:00:00,0.0,0.85,0.0,,7.5,5,-5,0,,0,0,0,0
1080,2023-09-26 18:01:00,0.0,0.88,0.0,,7.5,5,-5,0,,0,0,0,0
1081,2023-09-26 18:02:00,0.0,0.86,0.0,,7.5,5,-5,0,,0,0,0,0
1082,2023-09-26 18:03:00,0.0,0.84,0.0,,7.5,5,-5,0,,0,0,0,0
1083,2023-09-26 18:04:00,0.0,0.82,0.0,,7.5,5,-5,0,,0,0,0,0
1084,2023-09-26 18:05:00,0.0,0.79,0.0,,7.5,5,-5,0,,0,0,0,0
1085,2023-09-26 18:06:00,0.0,0.77,0.0,,7.5,5,-5,0,,0,0,0,0
1086,2023-09-26 18:07:00,0.0,0.75,0.0,,7.5,5,-5,0,,0,0,0,0
1087,2023-09-26 18:08:00,0.0,0.73,0.0,,7.5,5,-5,0,,0,0,0,0
1088,2023-09-26 18:09:00,0.0,0.71,0.0,,7.5,5,-5,0,,0,0,0,0
1089,2023-09-26 18:10:00,0.0,0.69,0.0,,7.5,5,-5,0,,0,0,0,0
1090,2023-09-26 18:11:00,0.0,0.67,0.0,,7.5,5,-5,0,,0,0,0,0
1091,2023-09-26 18:12:00,0.0,0.65,0.0,,7.5,5,-5,0,,0,0,0,0
1092,2023-09-26 18:13:00,0.0,0.62,0.0,,7.5,5,-5,0,,0,0,0,0
1093,2023-09-26 18:14:00,0.0,0.6,0.0,,7.5,5,-5,0,,0,0,0,0
1094,2023-09-26 18:15:00,0.0,0.58,0.0,,7.5,5,-5,0,,0,0,0,0
1095,2023-09-26 18:16:00,0.0,0.56,0.0,,7.5,5,-5,0,,0,0,0,0
1096,2023-09-26 18:17:00,0.0,0.57,0.0,,7.5,5,-5,0,,0,0,0,0
1097,2023-09-26 18:18:00,0.0,0.58,0.0,,7.5,5,-5,0,,0,0,0,0
1098,2023-09-26 18:19:00,0.0,0.59,0.0,,7.5,5,-5,0,,0,0,0,0
1099,2023-09-26 18:20:00,0.0,0.6,0.0,,7.5,5,-5,0,,0,0,0,0
1100,2023-09-26 18:21:00,0.0,0.61,0.0,,7.5,5,-5,0,,0,0,0,0
1101,2023-09-26 18:22:00,0.0,0.62,0.0,,7.5,5,-5,0,,0,0,0,0
1102,2023-09-26 18:23:00,0.0,0.63,0.0,,7.5,5,-5,0,,0,0,0,0
1103,2023-09-26 18:24:00,0.0,0.65,0.0,,7.5,5,-5,0,,0,0,0,0
1104,2023-09-26 18:25:00,0.0,0.66,0.0,,7.5,5,-5,0,,0,0,0,0
1105,2023-09-26 18:26:00,0.0,0.67,0.0,,7.5,5,-5,0,,0,0,0,0
1106,2023-09-26 18:27:00,0.0,0.68,0.0,,7.5,5,-5,0,,0,0,0,0
1107,2023-09-26 18:28:00,0.0,0.69,0.0,,7.5,5,-5,0,,0,0,0,0
1108,2023-09-26 18:29:00,0.0,0.7,0.0,,7.5,5,-5,0,,0,0,0,0
1109,2023-09-26 18:30:00,0.0,0.71,0.0,,7.5,5,-5,0,,0,0,0,0
1110,2023-09-26 18:31:00,0.0,0.72,0.0,,7.5,5,-5,0,,0,0,0,0
1111,2023-09-26 18:32:00,0.0,0.71,0.0,,7.5,5,-5,0,,0,0,0,0
1112,2023-09-26 18:33:00,0.0,0.7,0.0,,7.5,5,-5,0,,0,0,0,0
1113,2023-09-26 18:34:00,0.0,0.7,0.0,,7.5,5,-5,0,,0,0,0,0
1114,2023-09-26 18:35:00,0.0,0.69,0.0,,7.5,5,-5,0,,0,0,0,0
1115,2023-09-26 18:36:00,0.0,0.68,0.0,,7.5,5,-5,0,,0,0,0,0
1116,2023-09-26 18:37:00,0.0,0.67,0.0,,7.5,5,-5,0,,0,0,0,0
1117,2023-09-26 18:38:00,0.0,0.66,0.0,,7.5,5,-5,0,,0,0,0,0
1118,2023-09-26 18:39:00,0.0,0.66,0.0,,7.5,5,-5,0,,0,0,0,0
1119,2023-09-26 18:40:00,0.0,0.65,0.0,,7.5,5,-5,0,,0,0,0,0
1120,2023-09-26 18:41:00,0.0,0.64,0.0,,7.5,5,-5,0,,0,0,0,0
1121,2023-09-26 18:42:00,0.0,0.63,0.0,,7.5,5,-5,0,,0,0,0,0
1122,2023-09-26 18:43:00,0.0,0.62,0.0,,7.5,5,-5,0,,0,0,0,0
1123,2023-09-26 18:44:00,0.0,0.62,0.0,,7.5,5,-5,0,,0,0,0,0
1124,2023-09-26 18:45:00,0.0,0.61,0.0,,7.5,5,-5,0,,0,0,0,0
1125,2023-09-26 18:46:00,0.0,0.6,0.0,,7.5,5,-5,0,,0,0,0,0
1126,2023-09-26 18:47:00,0.0,0.59,0.0,,7.5,5,-5,0,,0,0,0,0
1127,2023-09-26 18:48:00,0.0,0.59,0.0,,7.5,5,-5,0,,0,0,0,0
1128,2023-09-26 18:49:00,0.0,0.58,0.0,,7.5,5,-5,0,,0,0,0,0
1129,2023-09-26 18:50:00,0.0,0.58,0.0,,7.5,5,-5,0,,0,0,0,0
1130,2023-09-26 18:51:00,0.0,0.57,0.0,,7.5,5,-5,0,,0,0,0,0
1131,2023-09-26 18:52:00,0.0,0.57,0.0,,7.5,5,-5,0,,0,0,0,0
1132,2023-09-26 18:53:00,0.0,0.56,0.0,,7.5,5,-5,0,,0,0,0,0
1133,2023-09-26 18:54:00,0.0,0.56,0.0,,7.5,5,-5,0,,0,0,0,0
1134,2023-09-26 18:55:00,0.0,0.55,0.0,,7.5,5,-5,0,,0,0,0,0
1135,2023-09-26 18:56:00,0.0,0.55,0.0,,7.5,5,-5,0,,0,0,0,0
1136,2023-09-26 18:57:00,0.0,0.54,0.0,,7.5,5,-5,0,,0,0,0,0
1137,2023-09-26 18:58:00,0.0,0.54,0.0,,7.5,5,-5,0,,0,0,0,0
1138,2023-09-26 18:59:00,0.0,0.53,0.0,,7.5,5,-5,0,,0,0,0,0
1139,2023-09-26 19:00:00,0.0,0.53,0.0,,7.5,5,-5,0,,0,0,0,0
1140,2023-09-26 19:01:00,0.0,0.52,0.0,,7.5,5,-5,0,,0,0,0,0
1141,2023-09-26 19:02:00,0.0,0.52,0.0,,7.5,5,-5,0,,0,0,0,0
1142,2023-09-26 19:03:00,0.0,0.51,0.0,,7.5,5,-5,0,,0,0,0,0
1143,2023-09-26 19:04:00,0.0,0.51,0.0,,7.5,5,-5,0,,0,0,0,0
1144,2023-09-26 19:05:00,0.0,0.51,0.0,,7.5,5,-5,0,,0,0,0,0
1145,2023-09-26 19:06:00,0.0,0.51,0.0,,7.5,5,-5,0,,0,0,0,0
1146,2023-09-26 19:07:00,0.0,0.5,0.0,,7.5,5,-5,0,,0,0,0,0
1147,2023-09-26 19:08:00,0.0,0.5,0.0,,7.5,5,-5,0,,0,0,0,0
1148,2023-09-26 19:09:00,0.0,0.5,0.0,,7.5,5,-5,0,,0,0,0,0
1149,2023-09-26 19:10:00,0.0,0.5,0.0,,7.5,5,-5,0,,0,0,0,0
1150,2023-09-26 19:11:00,0.0,0.49,0.0,,7.5,5,-5,0,,0,0,0,0
1151,2023-09-26 19:12:00,0.0,0.49,0.0,,7.5,5,-5,0,,0,0,0,0
1152,2023-09-26 19:13:00,0.0,0.49,0.0,,7.5,5,-5,0,,0,0,0,0
1153,2023-09-26 19:14:00,0.0,0.49,0.0,,7.5,5,-5,0,,0,0,0,0
1154,2023-09-26 19:15:00,0.0,0.48,0.0,,7.5,5,-5,0,,0,0,0,0
1155,2023-09-26 19:16:00,0.0,0.48,0.0,,7.5,5,-5,0,,0,0,0,0
1156,2023-09-26 19:17:00,0.0,0.48,0.0,,7.5,5,-5,0,,0,0,0,0
1157,2023-09-26 19:18:00,0.0,0.49,0.0,,7.5,5,-5,0,,0,0,0,0
1158,2023-09-26 19:19:00,0.0,0.49,0.0,,7.5,5,-5,0,,0,0,0,0
1159,2023-09-26 19:20:00,0.0,0.49,0.0,,7.5,5,-5,0,,0,0,0,0
1160,2023-09-26 19:21:00,0.0,0.49,0.0,,7.5,5,-5,0,,0,0,0,0
1161,2023-09-26 19:22:00,0.0,0.5,0.0,,7.5,5,-5,0,,0,0,0,0
1162,2023-09-26 19:23:00,0.0,0.5,0.0,,7.5,5,-5,0,,0,0,0,0
1163,2023-09-26 19:24:00,0.0,0.5,0.0,,7.5,5,-5,0,,0,0,0,0
1164,2023-09-26 19:25:00,0.0,0.5,0.0,,7.5,5,-5,0,,0,0,0,0
1165,2023-09-26 19:26:00,0.0,0.51,0.0,,7.5,5,-5,0,,0,0,0,0
1166,2023-09-26 19:27:00,0.0,0.51,0.0,,7.5,5,-5,0,,0,0,0,0
1167,2023-09-26 19:28:00,0.0,0.51,0.0,,7.5,5,-5,0,,0,0,0,0
1168,2023-09-26 19:29:00,0.0,0.51,0.0,,7.5,5,-5,0,,0,0,0,0
1169,2023-09-26 19:30:00,0.0,0.52,0.0,,7.5,5,-5,0,,0,0,0,0
1170,2023-09-26 19:31:00,0.0,0.52,0.0,,7.5,5,-5,0,,0,0,0,0
1171,2023-09-26 19:32:00,0.0,0.51,0.0,,7.5,5,-5,0,,0,0,0,0
1172,2023-09-26 19:33:00,0.0,0.51,0.0,,7.5,5,-5,0,,0,0,0,0
1173,2023-09-26 19:34:00,0.0,0.5,0.0,,7.5,5,-5,0,,0,0,0,0
1174,2023-09-26 19:35:00,0.0,0.5,0.0,,7.5,5,-5,0,,0,0,0,0
1175,2023-09-26 19:36:00,0.0,0.49,0.0,,7.5,5,-5,0,,0,0,0,0
1176,2023-09-26 19:37:00,0.0,0.49,0.0,,7.5,5,-5,0,,0,0,0,0
1177,2023-09-26 19:38:00,0.0,0.48,0.0,,7.5,5,-5,0,,0,0,0,0
1178,2023-09-26 19:39:00,0.0,0.48,0.0,,7.5,5,-5,0,,0,0,0,0
1179,2023-09-26 19:40:00,0.0,0.47,0.0,,7.5,5,-5,0,,0,0,0,0
1180,2023-09-26 19:41:00,0.0,0.47,0.0,,7.5,5,-5,0,,0,0,0,0
1181,2023-09-26 19:42:00,0.0,0.46,0.0,,7.5,5,-5,0,,0,0,0,0
1182,2023-09-26 19:43:00,0.0,0.46,0.0,,7.5,5,-5,0,,0,0,0,0
1183,2023-09-26 19:44:00,0.0,0.45,0.0,,7.5,5,-5,0,,0,0,0,0
1184,2023-09-26 19:45:00,0.0,0.45,0.0,,7.5,5,-5,0,,0,0,0,0
1185,2023-09-26 19:46:00,0.0,0.44,0.0,,7.5,5,-5,0,,0,0,0,0
1186,2023-09-26 19:47:00,0.0,0.43,0.0,,7.5,5,-5,0,,0,0,0,0
1187,2023-09-26 19:48:00,0.0,0.43,0.0,,7.5,5,-5,0,,0,0,0,0
1188,2023-09-26 19:49:00,0.0,0.42,0.0,,7.5,5,-5,0,,0,0,0,0
1189,2023-09-26 19:50:00,0.0,0.42,0.0,,7.5,5,-5,0,,0,0,0,0
1190,2023-09-26 19:51:00,0.0,0.41,0.0,,7.5,5,-5,0,,0,0,0,0
1191,2023-09-26 19:52:00,0.0,0.41,0.0,,7.5,5,-5,0,,0,0,0,0
1192,2023-09-26 19:53:00,0.0,0.4,0.0,,7.5,5,-5,0,,0,0,0,0
1193,2023-09-26 19:54:00,0.0,0.4,0.0,,7.5,5,-5,0,,0,0,0,0
1194,2023-09-26 19:55:00,0.0,0.39,0.0,,7.5,5,-5,0,,0,0,0,0
1195,2023-09-26 19:56:00,0.0,0.39,0.0,,7.5,5,-5,0,,0,0,0,0
1196,2023-09-26 19:57:00,0.0,0.38,0.0,,7.5,5,-5,0,,0,0,0,0
1197,2023-09-26 19:58:00,0.0,0.38,0.0,,7.5,5,-5,0,,0,0,0,0
1198,2023-09-26 19:59:00,0.0,0.37,0.0,,7.5,5,-5,0,,0,0,0,0
1199,2023-09-26 20:00:00,0.0,0.37,0.0,,7.5,5,-5,0,,0,0,0,0
1200,2023-09-26 20:01:00,0.0,0.36,0.0,,7.5,5,-5,0,,0,0,0,0
1201,2023-09-26 20:02:00,0.0,0.36,0.0,,7.5,5,-5,0,,0,0,0,0
1202,2023-09-26 20:03:00,0.0,0.36,0.0,,7.5,5,-5,0,,0,0,0,0
1203,2023-09-26 20:04:00,0.0,0.36,0.0,,7.5,5,-5,0,,0,0,0,0
1204,2023-09-26 20:05:00,0.0,0.36,0.0,,7.5,5,-5,0,,0,0,0,0
1205,2023-09-26 20:06:00,0.0,0.36,0.0,,7.5,5,-5,0,,0,0,0,0
1206,2023-09-26 20:07:00,0.0,0.36,0.0,,7.5,5,-5,0,,0,0,0,0
1207,2023-09-26 20:08:00,0.0,0.36,0.0,,7.5,5,-5,0,,0,0,0,0
1208,2023-09-26 20:09:00,0.0,0.36,0.0,,7.5,5,-5,0,,0,0,0,0
1209,2023-09-26 20:10:00,0.0,0.36,0.0,,7.5,5,-5,0,,0,0,0,0
1210,2023-09-26 20:11:00,0.0,0.36,0.0,,7.5,5,-5,0,,0,0,0,0
1211,2023-09-26 20:12:00,0.0,0.36,0.0,,7.5,5,-5,0,,0,0,0,0
1212,2023-09-26 20:13:00,0.0,0.36,0.0,,7.5,5,-5,0,,0,0,0,0
1213,2023-09-26 20:14:00,0.0,0.36,0.0,,7.5,5,-5,0,,0,0,0,0
1214,2023-09-26 20:15:00,0.0,0.36,0.0,,7.5,5,-5,0,,0,0,0,0
1215,2023-09-26 20:16:00,0.0,0.36,0.0,,7.5,5,-5,0,,0,0,0,0
1216,2023-09-26 20:17:00,0.0,0.37,0.0,,7.5,5,-5,0,,0,0,0,0
1217,2023-09-26 20:18:00,0.0,0.37,0.0,,7.5,5,-5,0,,0,0,0,0
1218,2023-09-26 20:19:00,0.0,0.38,0.0,,7.5,5,-5,0,,0,0,0,0
1219,2023-09-26 20:20:00,0.0,0.38,0.0,,7.5,5,-5,0,,0,0,0,0
1220,2023-09-26 20:21:00,0.0,0.39,0.0,,7.5,5,-5,0,,0,0,0,0
1221,2023-09-26 20:22:00,0.0,0.39,0.0,,7.5,5,-5,0,,0,0,0,0
1222,2023-09-26 20:23:00,0.0,0.4,0.0,,7.5,5,-5,0,,0,0,0,0
1223,2023-09-26 20:24:00,0.0,0.4,0.0,,7.5,5,-5,0,,0,0,0,0
1224,2023-09-26 20:25:00,0.0,0.41,0.0,,7.5,5,-5,0,,0,0,0,0
1225,2023-09-26 20:26:00,0.0,0.41,0.0,,7.5,5,-5,0,,0,0,0,0
1226,2023-09-26 20:27:00,0.0,0.42,0.0,,7.5,5,-5,0,,0,0,0,0
1227,2023-09-26 20:28:00,0.0,0.42,0.0,,7.5,5,-5,0,,0,0,0,0
1228,2023-09-26 20:29:00,0.0,0.43,0.0,,7.5,5,-5,0,,0,0,0,0
1229,2023-09-26 20:30:00,0.0,0.43,0.0,,7.5,5,-5,0,,0,0,0,0
1230,2023-09-26 20:31:00,0.0,0.44,0.0,,7.5,5,-5,0,,0,0,0,0
1231,2023-09-26 20:32:00,0.0,0.43,0.0,,7.5,5,-5,0,,0,0,0,0
1232,2023-09-26 20:33:00,0.0,0.43,0.0,,7.5,5,-5,0,,0,0,0,0
1233,2023-09-26 20:34:00,0.0,0.42,0.0,,7.5,5,-5,0,,0,0,0,0
1234,2023-09-26 20:35:00,0.0,0.42,0.0,,7.5,5,-5,0,,0,0,0,0
1235,2023-09-26 20:36:00,0.0,0.41,0.0,,7.5,5,-5,0,,0,0,0,0
1236,2023-09-26 20:37:00,0.0,0.41,0.0,,7.5,5,-5,0,,0,0,0,0
1237,2023-09-26 20:38:00,0.0,0.4,0.0,,7.5,5,-5,0,,0,0,0,0
1238,2023-09-26 20:39:00,0.0,0.4,0.0,,7.5,5,-5,0,,0,0,0,0
1239,2023-09-26 20:40:00,0.0,0.39,0.0,,7.5,5,-5,0,,0,0,0,0
1240,2023-09-26 20:41:00,0.0,0.39,0.0,,7.5,5,-5,0,,0,0,0,0
1241,2023-09-26 20:42:00,0.0,0.38,0.0,,7.5,5,-5,0,,0,0,0,0
1242,2023-09-26 20:43:00,0.0,0.38,0.0,,7.5,5,-5,0,,0,0,0,0
1243,2023-09-26 20:44:00,0.0,0.37,0.0,,7.5,5,-5,0,,0,0,0,0
1244,2023-09-26 20:45:00,0.0,0.37,0.0,,7.5,5,-5,0,,0,0,0,0
1245,2023-09-26 20:46:00,0.0,0.36,0.0,,7.5,5,-5,0,,0,0,0,0
1246,2023-09-26 20:47:00,0.0,0.36,0.0,,7.5,5,-5,0,,0,0,0,0
1247,2023-09-26 20:48:00,0.0,0.36,0.0,,7.5,5,-5,0,,0,0,0,0
1248,2023-09-26 20:49:00,0.0,0.36,0.0,,7.5,5,-5,0,,0,0,0,0
1249,2023-09-26 20:50:00,0.0,0.36,0.0,,7.5,5,-5,0,,0,0,0,0
1250,2023-09-26 20:51:00,0.0,0.36,0.0,,7.5,5,-5,0,,0,0,0,0
1251,2023-09-26 20:52:00,0.0,0.36,0.0,,7.5,5,-5,0,,0,0,0,0
1252,2023-09-26 20:53:00,0.0,0.36,0.0,,7.5,5,-5,0,,0,0,0,0
1253,2023-09-26 20:54:00,0.0,0.36,0.0,,7.5,5,-5,0,,0,0,0,0
1254,2023-09-26 20:55:00,0.0,0.36,0.0,,7.5,5,-5,0,,0,0,0,0
1255,2023-09-26 20:56:00,0.0,0.36,0.0,,7.5,5,-5,0,,0,0,0,0
1256,2023-09-26 20:57:00,0.0,0.36,0.0,,7.5,5,-5,0,,0,0,0,0
1257,2023-09-26 20:58:00,0.0,0.36,0.0,,7.5,5,-5,0,,0,0,0,0
1258,2023-09-26 20:59:00,0.0,0.36,0.0,,7.5,5,-5,0,,0,0,0,0
1259,2023-09-26 21:00:00,0.0,0.36,0.0,,7.5,5,-5,0,,0,0,0,0
1260,2023-09-26 21:01:00,0.0,0.36,0.0,,7.5,5,-5,0,,0,0,0,0
1261,2023-09-26 21:02:00,0.0,0.36,0.0,,7.5,5,-5,0,,0,0,0,0
1262,2023-09-26 21:03:00,0.0,0.35,0.0,,7.5,5,-5,0,,0,0,0,0
1263,2023-09-26 21:04:00,0.0,0.35,0.0,,7.5,5,-5,0,,0,0,0,0
1264,2023-09-26 21:05:00,0.0,0.35,0.0,,7.5,5,-5,0,,0,0,0,0
1265,2023-09-26 21:06:00,0.0,0.35,0.0,,7.5,5,-5,0,,0,0,0,0
1266,2023-09-26 21:07:00,0.0,0.34,0.0,,7.5,5,-5,0,,0,0,0,0
1267,2023-09-26 21:08:00,0.0,0.34,0.0,,7.5,5,-5,0,,0,0,0,0
1268,2023-09-26 21:09:00,0.0,0.34,0.0,,7.5,5,-5,0,,0,0,0,0
1269,2023-09-26 21:10:00,0.0,0.34,0.0,,7.5,5,-5,0,,0,0,0,0
1270,2023-09-26 21:11:00,0.0,0.33,0.0,,7.5,5,-5,0,,0,0,0,0
1271,2023-09-26 21:12:00,0.0,0.33,0.0,,7.5,5,-5,0,,0,0,0,0
1272,2023-09-26 21:13:00,0.0,0.33,0.0,,7.5,5,-5,0,,0,0,0,0
1273,2023-09-26 21:14:00,0.0,0.33,0.0,,7.5,5,-5,0,,0,0,0,0
1274,2023-09-26 21:15:00,0.0,0.32,0.0,,7.5,5,-5,0,,0,0,0,0
1275,2023-09-26 21:16:00,0.0,0.32,0.0,,7.5,5,-5,0,,0,0,0,0
1276,2023-09-26 21:17:00,0.0,0.33,0.0,,7.5,5,-5,0,,0,0,0,0
1277,2023-09-26 21:18:00,0.0,0.33,0.0,,7.5,5,-5,0,,0,0,0,0
1278,2023-09-26 21:19:00,0.0,0.34,0.0,,7.5,5,-5,0,,0,0,0,0
1279,2023-09-26 21:20:00,0.0,0.34,0.0,,7.5,5,-5,0,,0,0,0,0
1280,2023-09-26 21:21:00,0.0,0.35,0.0,,7.5,5,-5,0,,0,0,0,0
1281,2023-09-26 21:22:00,0.0,0.35,0.0,,7.5,5,-5,0,,0,0,0,0
1282,2023-09-26 21:23:00,0.0,0.36,0.0,,7.5,5,-5,0,,0,0,0,0
1283,2023-09-26 21:24:00,0.0,0.36,0.0,,7.5,5,-5,0,,0,0,0,0
1284,2023-09-26 21:25:00,0.0,0.37,0.0,,7.5,5,-5,0,,0,0,0,0
1285,2023-09-26 21:26:00,0.0,0.37,0.0,,7.5,5,-5,0,,0,0,0,0
1286,2023-09-26 21:27:00,0.0,0.38,0.0,,7.5,5,-5,0,,0,0,0,0
1287,2023-09-26 21:28:00,0.0,0.38,0.0,,7.5,5,-5,0,,0,0,0,0
1288,2023-09-26 21:29:00,0.0,0.39,0.0,,7.5,5,-5,0,,0,0,0,0
1289,2023-09-26 21:30:00,0.0,0.39,0.0,,7.5,5,-5,0,,0,0,0,0
1290,2023-09-26 21:31:00,0.0,0.4,0.0,,7.5,5,-5,0,,0,0,0,0
1291,2023-09-26 21:32:00,0.0,0.39,0.0,,7.5,5,-5,0,,0,0,0,0
1292,2023-09-26 21:33:00,0.0,0.39,0.0,,7.5,5,-5,0,,0,0,0,0
1293,2023-09-26 21:34:00,0.0,0.38,0.0,,7.5,5,-5,0,,0,0,0,0
1294,2023-09-26 21:35:00,0.0,0.38,0.0,,7.5,5,-5,0,,0,0,0,0
1295,2023-09-26 21:36:00,0.0,0.37,0.0,,7.5,5,-5,0,,0,0,0,0
1296,2023-09-26 21:37:00,0.0,0.37,0.0,,7.5,5,-5,0,,0,0,0,0
1297,2023-09-26 21:38:00,0.0,0.36,0.0,,7.5,5,-5,0,,0,0,0,0
1298,2023-09-26 21:39:00,0.0,0.36,0.0,,7.5,5,-5,0,,0,0,0,0
1299,2023-09-26 21:40:00,0.0,0.35,0.0,,7.5,5,-5,0,,0,0,0,0
1300,2023-09-26 21:41:00,0.0,0.35,0.0,,7.5,5,-5,0,,0,0,0,0
1301,2023-09-26 21:42:00,0.0,0.34,0.0,,7.5,5,-5,0,,0,0,0,0
1302,2023-09-26 21:43:00,0.0,0.34,0.0,,7.5,5,-5,0,,0,0,0,0
1303,2023-09-26 21:44:00,0.0,0.33,0.0,,7.5,5,-5,0,,0,0,0,0
1304,2023-09-26 21:45:00,0.0,0.33,0.0,,7.5,5,-5,0,,0,0,0,0
1305,2023-09-26 21:46:00,0.0,0.32,0.0,,7.5,5,-5,0,,0,0,0,0
1306,2023-09-26 21:47:00,0.0,0.32,0.0,,7.5,5,-5,0,,0,0,0,0
1307,2023-09-26 21:48:00,0.0,0.31,0.0,,7.5,5,-5,0,,0,0,0,0
1308,2023-09-26 21:49:00,0.0,0.31,0.0,,7.5,5,-5,0,,0,0,0,0
1309,2023-09-26 21:50:00,0.0,0.31,0.0,,7.5,5,-5,0,,0,0,0,0
1310,2023-09-26 21:51:00,0.0,0.31,0.0,,7.5,5,-5,0,,0,0,0,0
1311,2023-09-26 21:52:00,0.0,0.3,0.0,,7.5,5,-5,0,,0,0,0,0
1312,2023-09-26 21:53:00,0.0,0.3,0.0,,7.5,5,-5,0,,0,0,0,0
1313,2023-09-26 21:54:00,0.0,0.3,0.0,,7.5,5,-5,0,,0,0,0,0
1314,2023-09-26 21:55:00,0.0,0.3,0.0,,7.5,5,-5,0,,0,0,0,0
1315,2023-09-26 21:56:00,0.0,0.29,0.0,,7.5,5,-5,0,,0,0,0,0
1316,2023-09-26 21:57:00,0.0,0.29,0.0,,7.5,5,-5,0,,0,0,0,0
1317,2023-09-26 21:58:00,0.0,0.29,0.0,,7.5,5,-5,0,,0,0,0,0
1318,2023-09-26 21:59:00,0.0,0.29,0.0,,7.5,5,-5,0,,0,0,0,0
1319,2023-09-26 22:00:00,0.0,0.28,0.0,,7.5,5,-5,0,,0,0,0,0
1320,2023-09-26 22:01:00,0.0,0.28,0.0,,7.5,5,-5,0,,0,0,0,0
1321,2023-09-26 22:02:00,0.0,0.29,0.0,,7.5,5,-5,0,,0,0,0,0
1322,2023-09-26 22:03:00,0.0,0.3,0.0,,7.5,5,-5,0,,0,0,0,0
1323,2023-09-26 22:04:00,0.0,0.3,0.0,,7.5,5,-5,0,,0,0,0,0
1324,2023-09-26 22:05:00,0.0,0.31,0.0,,7.5,5,-5,0,,0,0,0,0
1325,2023-09-26 22:06:00,0.0,0.32,0.0,,7.5,5,-5,0,,0,0,0,0
1326,2023-09-26 22:07:00,0.0,0.33,0.0,,7.5,5,-5,0,,0,0,0,0
1327,2023-09-26 22:08:00,0.0,0.34,0.0,,7.5,5,-5,0,,0,0,0,0
1328,2023-09-26 22:09:00,0.0,0.34,0.0,,7.5,5,-5,0,,0,0,0,0
1329,2023-09-26 22:10:00,0.0,0.35,0.0,,7.5,5,-5,0,,0,0,0,0
1330,2023-09-26 22:11:00,0.0,0.36,0.0,,7.5,5,-5,0,,0,0,0,0
1331,2023-09-26 22:12:00,0.0,0.37,0.0,,7.5,5,-5,0,,0,0,0,0
1332,2023-09-26 22:13:00,0.0,0.38,0.0,,7.5,5,-5,0,,0,0,0,0
1333,2023-09-26 22:14:00,0.0,0.38,0.0,,7.5,5,-5,0,,0,0,0,0
1334,2023-09-26 22:15:00,0.0,0.39,0.0,,7.5,5,-5,0,,0,0,0,0
1335,2023-09-26 22:16:00,0.0,0.4,0.0,,7.5,5,-5,0,,0,0,0,0
1336,2023-09-26 22:17:00,0.0,0.4,0.0,,7.5,5,-5,0,,0,0,0,0
1337,2023-09-26 22:18:00,0.0,0.4,0.0,,7.5,5,-5,0,,0,0,0,0
1338,2023-09-26 22:19:00,0.0,0.4,0.0,,7.5,5,-5,0,,0,0,0,0
1339,2023-09-26 22:20:00,0.0,0.4,0.0,,7.5,5,-5,0,,0,0,0,0
1340,2023-09-26 22:21:00,0.0,0.4,0.0,,7.5,5,-5,0,,0,0,0,0
1341,2023-09-26 22:22:00,0.0,0.4,0.0,,7.5,5,-5,0,,0,0,0,0
1342,2023-09-26 22:23:00,0.0,0.4,0.0,,7.5,5,-5,0,,0,0,0,0
1343,2023-09-26 22:24:00,0.0,0.4,0.0,,7.5,5,-5,0,,0,0,0,0
1344,2023-09-26 22:25:00,0.0,0.4,0.0,,7.5,5,-5,0,,0,0,0,0
1345,2023-09-26 22:26:00,0.0,0.4,0.0,,7.5,5,-5,0,,0,0,0,0
1346,2023-09-26 22:27:00,0.0,0.4,0.0,,7.5,5,-5,0,,0,0,0,0
1347,2023-09-26 22:28:00,0.0,0.4,0.0,,7.5,5,-5,0,,0,0,0,0
1348,2023-09-26 22:29:00,0.0,0.4,0.0,,7.5,5,-5,0,,0,0,0,0
1349,2023-09-26 22:30:00,0.0,0.4,0.0,,7.5,5,-5,0,,0,0,0,0
1350,2023-09-26 22:31:00,0.0,0.4,0.0,,7.5,5,-5,0,,0,0,0,0
1351,2023-09-26 22:32:00,0.0,0.4,0.0,,7.5,5,-5,0,,0,0,0,0
1352,2023-09-26 22:33:00,0.0,0.39,0.0,,7.5,5,-5,0,,0,0,0,0
1353,2023-09-26 22:34:00,0.0,0.39,0.0,,7.5,5,-5,0,,0,0,0,0
1354,2023-09-26 22:35:00,0.0,0.39,0.0,,7.5,5,-5,0,,0,0,0,0
1355,2023-09-26 22:36:00,0.0,0.39,0.0,,7.5,5,-5,0,,0,0,0,0
1356,2023-09-26 22:37:00,0.0,0.38,0.0,,7.5,5,-5,0,,0,0,0,0
1357,2023-09-26 22:38:00,0.0,0.38,0.0,,7.5,5,-5,0,,0,0,0,0
1358,2023-09-26 22:39:00,0.0,0.38,0.0,,7.5,5,-5,0,,0,0,0,0
1359,2023-09-26 22:40:00,0.0,0.38,0.0,,7.5,5,-5,0,,0,0,0,0
1360,2023-09-26 22:41:00,0.0,0.37,0.0,,7.5,5,-5,0,,0,0,0,0
1361,2023-09-26 22:42:00,0.0,0.37,0.0,,7.5,5,-5,0,,0,0,0,0
1362,2023-09-26 22:43:00,0.0,0.37,0.0,,7.5,5,-5,0,,0,0,0,0
1363,2023-09-26 22:44:00,0.0,0.37,0.0,,7.5,5,-5,0,,0,0,0,0
1364,2023-09-26 22:45:00,0.0,0.36,0.0,,7.5,5,-5,0,,0,0,0,0
1365,2023-09-26 22:46:00,0.0,0.36,0.0,,7.5,5,-5,0,,0,0,0,0
1366,2023-09-26 22:47:00,0.0,0.36,0.0,,7.5,5,-5,0,,0,0,0,0
1367,2023-09-26 22:48:00,0.0,0.35,0.0,,7.5,5,-5,0,,0,0,0,0
1368,2023-09-26 22:49:00,0.0,0.35,0.0,,7.5,5,-5,0,,0,0,0,0
1369,2023-09-26 22:50:00,0.0,0.35,0.0,,7.5,5,-5,0,,0,0,0,0
1370,2023-09-26 22:51:00,0.0,0.35,0.0,,7.5,5,-5,0,,0,0,0,0
1371,2023-09-26 22:52:00,0.0,0.34,0.0,,7.5,5,-5,0,,0,0,0,0
1372,2023-09-26 22:53:00,0.0,0.34,0.0,,7.5,5,-5,0,,0,0,0,0
1373,2023-09-26 22:54:00,0.0,0.34,0.0,,7.5,5,-5,0,,0,0,0,0
1374,2023-09-26 22:55:00,0.0,0.34,0.0,,7.5,5,-5,0,,0,0,0,0
1375,2023-09-26 22:56:00,0.0,0.33,0.0,,7.5,5,-5,0,,0,0,0,0
1376,2023-09-26 22:57:00,0.0,0.33,0.0,,7.5,5,-5,0,,0,0,0,0
1377,2023-09-26 22:58:00,0.0,0.33,0.0,,7.5,5,-5,0,,0,0,0,0
1378,2023-09-26 22:59:00,0.0,0.33,0.0,,7.5,5,-5,0,,0,0,0,0
1379,2023-09-26 23:00:00,0.0,0.32,0.0,,7.5,5,-5,0,,0,0,0,0
1380,2023-09-26 23:01:00,0.0,0.32,0.0,,7.5,5,-5,0,,0,0,0,0
1381,2023-09-26 23:02:00,0.0,0.32,0.0,,7.5,5,-5,0,,0,0,0,0
1382,2023-09-26 23:03:00,0.0,0.33,0.0,,7.5,5,-5,0,,0,0,0,0
1383,2023-09-26 23:04:00,0.0,0.33,0.0,,7.5,5,-5,0,,0,0,0,0
1384,2023-09-26 23:05:00,0.0,0.33,0.0,,7.5,5,-5,0,,0,0,0,0
1385,2023-09-26 23:06:00,0.0,0.33,0.0,,7.5,5,-5,0,,0,0,0,0
1386,2023-09-26 23:07:00,0.0,0.34,0.0,,7.5,5,-5,0,,0,0,0,0
1387,2023-09-26 23:08:00,0.0,0.34,0.0,,7.5,5,-5,0,,0,0,0,0
1388,2023-09-26 23:09:00,0.0,0.34,0.0,,7.5,5,-5,0,,0,0,0,0
1389,2023-09-26 23:10:00,0.0,0.34,0.0,,7.5,5,-5,0,,0,0,0,0
1390,2023-09-26 23:11:00,0.0,0.35,0.0,,7.5,5,-5,0,,0,0,0,0
1391,2023-09-26 23:12:00,0.0,0.35,0.0,,7.5,5,-5,0,,0,0,0,0
1392,2023-09-26 23:13:00,0.0,0.35,0.0,,7.5,5,-5,0,,0,0,0,0
1393,2023-09-26 23:14:00,0.0,0.35,0.0,,7.5,5,-5,0,,0,0,0,0
1394,2023-09-26 23:15:00,0.0,0.36,0.0,,7.5,5,-5,0,,0,0,0,0
1395,2023-09-26 23:16:00,0.0,0.36,0.0,,7.5,5,-5,0,,0,0,0,0
1396,2023-09-26 23:17:00,0.0,0.35,0.0,,7.5,5,-5,0,,0,0,0,0
1397,2023-09-26 23:18:00,0.0,0.34,0.0,,7.5,5,-5,0,,0,0,0,0
1398,2023-09-26 23:19:00,0.0,0.33,0.0,,7.5,5,-5,0,,0,0,0,0
1399,2023-09-26 23:20:00,0.0,0.32,0.0,,7.5,5,-5,0,,0,0,0,0
1400,2023-09-26 23:21:00,0.0,0.31,0.0,,7.5,5,-5,0,,0,0,0,0
1401,2023-09-26 23:22:00,0.0,0.3,0.0,,7.5,5,-5,0,,0,0,0,0
1402,2023-09-26 23:23:00,0.0,0.29,0.0,,7.5,5,-5,0,,0,0,0,0
1403,2023-09-26 23:24:00,0.0,0.27,0.0,,7.5,5,-5,0,,0,0,0,0
1404,2023-09-26 23:25:00,0.0,0.26,0.0,,7.5,5,-5,0,,0,0,0,0
1405,2023-09-26 23:26:00,0.0,0.25,0.0,,7.5,5,-5,0,,0,0,0,0
1406,2023-09-26 23:27:00,0.0,0.24,0.0,,7.5,5,-5,0,,0,0,0,0
1407,2023-09-26 23:28:00,0.0,0.23,0.0,,7.5,5,-5,0,,0,0,0,0
1408,2023-09-26 23:29:00,0.0,0.22,0.0,,7.5,5,-5,0,,0,0,0,0
1409,2023-09-26 23:30:00,0.0,0.21,0.0,,7.5,5,-5,0,,0,0,0,0
1410,2023-09-26 23:31:00,0.0,0.2,0.0,,7.5,5,-5,0,,0,0,0,0
1411,2023-09-26 23:32:00,0.0,0.2,0.0,,7.5,5,-5,0,,0,0,0,0
1412,2023-09-26 23:33:00,0.0,0.19,0.0,,7.5,5,-5,0,,0,0,0,0
1413,2023-09-26 23:34:00,0.0,0.19,0.0,,7.5,5,-5,0,,0,0,0,0
1414,2023-09-26 23:35:00,0.0,0.19,0.0,,7.5,5,-5,0,,0,0,0,0
1415,2023-09-26 23:36:00,0.0,0.19,0.0,,7.5,5,-5,0,,0,0,0,0
1416,2023-09-26 23:37:00,0.0,0.18,0.0,,7.5,5,-5,0,,0,0,0,0
1417,2023-09-26 23:38:00,0.0,0.18,0.0,,7.5,5,-5,0,,0,0,0,0
1418,2023-09-26 23:39:00,0.0,0.18,0.0,,7.5,5,-5,0,,0,0,0,0
1419,2023-09-26 23:40:00,0.0,0.18,0.0,,7.5,5,-5,0,,0,0,0,0
1420,2023-09-26 23:41:00,0.0,0.17,0.0,,7.5,5,-5,0,,0,0,0,0
1421,2023-09-26 23:42:00,0.0,0.17,0.0,,7.5,5,-5,0,,0,0,0,0
1422,2023-09-26 23:43:00,0.0,0.17,0.0,,7.5,5,-5,0,,0,0,0,0
1423,2023-09-26 23:44:00,0.0,0.17,0.0,,7.5,5,-5,0,,0,0,0,0
1424,2023-09-26 23:45:00,0.0,0.16,0.0,,7.5,5,-5,0,,0,0,0,0
